cluster,gene,logFC
CD8 T Terminally Exhausted,KRT86,2.41366211847054
CD8 T Terminally Exhausted,ACP5,1.84186550026256
CD8 T Terminally Exhausted,CXCR6,1.65964418534576
CD8 T Terminally Exhausted,HMOX1,1.64913373341382
CD8 T Terminally Exhausted,LAYN,1.55590443304678
CD8 T Terminally Exhausted,HAVCR2,1.40506541107792
CD8 T Terminally Exhausted,PRF1,1.4028620756241
CD8 T Terminally Exhausted,SLC2A8,1.37364577985765
CD8 T Terminally Exhausted,CHST12,1.24724925620994
CD8 T Terminally Exhausted,GALNT2,1.2263636551767
CD8 T Terminally Exhausted,ENTPD1,1.09207581058085
CD8 T Terminally Exhausted,LAG3,1.06010002471461
CD8 T Terminally Exhausted,GZMB,1.05551708142854
CD8 T Terminally Exhausted,PDCD1,1.05061390121187
CD8 T Terminally Exhausted,CARD16,0.969726451543704
CD8 T Terminally Exhausted,CTLA4,0.943809109091187
CD8 T Terminally Exhausted,SLA2,0.884998979389214
CD8 T Terminally Exhausted,CD27,0.801353601489428
CD8 T Terminally Exhausted,RALA,0.76142181318444
CD8 T Terminally Exhausted,VCAM1,0.759554508444922
CD8 T Terminally Exhausted,SYNGR2,0.755556793469855
CD8 T Terminally Exhausted,NKG7,0.750613869162305
CD8 T Terminally Exhausted,LSP1,0.715904720595231
CD8 T Terminally Exhausted,CCL5,0.712148545860246
CD8 T Terminally Exhausted,LMNA,-0.727604716656955
CD8 T Terminally Exhausted,ANXA1,-0.871862204306731
CD8 T Terminally Exhausted,GPR183,-1.81705696924706
CD8 T Terminally Exhausted,CCR7,-2.02795339162682
CD8 T Terminally Exhausted,IL7R,-2.05881627575315
CD8 T Terminally Exhausted,TCF7,-2.32305833137122
CD8 T Terminally Exhausted,MTSS1,1.07905432540694
CD8 T Terminally Exhausted,PTMS,0.706049616667268
CD8 T Terminally Exhausted,BATF,0.707351669125533
CD8 T Terminally Exhausted,MCUB,-1.03582622563057
CD8 T Terminally Exhausted,MBP,-1.00516112539038
CD8 T Terminally Exhausted,FOS,-1.26625435779842
CD8 T Terminally Exhausted,RAB27A,0.739748286007297
CD8 T Terminally Exhausted,CD63,0.733113869941811
CD8 T Terminally Exhausted,HOPX,1.13688165190377
CD8 T Terminally Exhausted,TNFRSF18,0.879747020102702
CD8 T Terminally Exhausted,GADD45B,-1.17074660717941
CD8 T Terminally Exhausted,PLPP1,1.06967199275381
CD8 T Terminally Exhausted,MCM5,0.853156453521021
CD8 T Terminally Exhausted,HMGA1,-0.935381078322009
CD8 T Terminally Exhausted,TNFSF10,0.864146198926209
CD8 T Terminally Exhausted,XCL1,-1.27697105949256
CD8 T Terminally Exhausted,PLK3,-0.809412865049898
CD8 T Terminally Exhausted,TAGAP,-0.732106183597437
CD8 T Terminally Exhausted,AHI1,0.753226567983639
CD8 T Terminally Exhausted,RARA,-0.880920196106002
CD8 T Terminally Exhausted,FOSB,-0.931533969225081
CD8 T Terminally Exhausted,CTSB,0.709406982533616
CD8 T Terminally Exhausted,XCL2,-1.23906786130626
CD8 T Terminally Exhausted,PLSCR1,0.782067772878477
CD8 T Terminally Exhausted,TUBB2A,-0.716931466989665
CD8 T Terminally Exhausted,CDC42EP3,-0.72217544010195
CD8 T Terminally Exhausted,CARS,0.850409711138628
CD8 T Terminally Exhausted,DUSP1,-0.712521306215584
CD8 T Terminally Exhausted,DNAJB1,-0.917260335593206
CD8 T Terminally Exhausted,HSPA1B,-1.22503294341476
CD8 T Effector Memory 1,GYG1,0.817221315999364
CD8 T Effector Memory 1,GPR183,0.700182232121544
CD8 T Effector Memory 1,CXCL13,-1.734487320223
CD8 T Effector Memory 1,HSPB1,-1.20960490158612
CD8 T Effector Memory 1,GLUL,0.875381660189263
CD8 T Effector Memory 1,HMOX1,-1.75575809584771
CD8 T Effector Memory 1,HSP90AA1,-0.736269669212387
CD8 T Effector Memory 1,PERP,0.809685148858514
CD8 T Effector Memory 1,GEM,-1.44828520927838
CD8 T Effector Memory 1,VCAM1,-1.34584932401854
CD8 T Effector Memory 1,DNAJA1,-0.802052529032704
CD8 T Effector Memory 1,CD27,-0.869287260005632
CD8 T Effector Memory 1,HSPA1A,-1.1906397473464
CD8 T Effector Memory 1,ID3,-0.957854357518429
CD8 T Effector Memory 1,NR4A2,-1.02390940602623
CD8 T Effector Memory 1,HSPA1B,-2.03197456154644
CD8 T Effector Memory 1,HSPD1,-0.714001598759675
CD8 T Effector Memory 1,JUNB,-0.854128605940784
CD8 T Effector Memory 1,LAG3,-0.745652029797705
CD8 T Effector Memory 1,HSPH1,-0.721702632216335
CD8 T Effector Memory 1,RGS2,-0.900194745416796
CD8 T Effector Memory 1,RGS1,-0.848416499540019
CD8 T Effector Memory 1,GATA3,-0.790025288302354
CD8 T Effector Memory 1,PHLDA1,-0.730273409157251
CD8 T Effector Memory 1,FOSB,-1.02241205270287
CD8 T Effector Memory 1,DUSP1,-0.977568237733375
CD8 T Effector Memory 1,NFKBIA,-0.740723170118946
CD8 T Effector Memory 1,DNAJB1,-1.34385686016115
CD8 T Effector Memory 1,PDCD1,-0.762572677171873
CD8 T Effector Memory 1,RHOB,-0.821482639607861
CD8 T Effector Memory 1,ICOS,-0.706979539070785
CD8 T Effector Memory 1,BHLHE40,-0.804345087729431
CD8 T Effector Memory 1,HLA-DRB1,-0.693377826760718
CD8 T Effector Memory 1,ZFAND2A,-0.890822333384052
CD8 T Effector Memory 1,CCL4,-0.930144146647086
CD8 T Effector Memory 1,FOS,-0.984263853921758
CD8 T Effector Memory 1,TUBB,-0.811373111454078
CD8 T Effector Memory 2,S1PR1,1.30658994149718
CD8 T Effector Memory 2,GPR183,1.06405522718794
CD8 T Effector Memory 2,CCR7,0.920802858545007
CD8 T Effector Memory 2,ANXA1,0.889853865281436
CD8 T Effector Memory 2,TCF7,0.861874130617612
CD8 T Effector Memory 2,IL7R,0.823460286886093
CD8 T Effector Memory 2,MBP,0.790071156047198
CD8 T Effector Memory 2,VIM,0.778031218808326
CD8 T Effector Memory 2,NKG7,-0.846651033990049
CD8 T Effector Memory 2,CTSW,-0.870257727589723
CD8 T Effector Memory 2,DUSP4,-0.998224190792618
CD8 T Effector Memory 2,HSPH1,-1.00401396585311
CD8 T Effector Memory 2,HSPE1,-1.01373991433219
CD8 T Effector Memory 2,LSP1,-1.01881205630859
CD8 T Effector Memory 2,HSPD1,-1.0483086639454
CD8 T Effector Memory 2,DNAJA1,-1.0757210918081
CD8 T Effector Memory 2,CD74,-1.10665666962256
CD8 T Effector Memory 2,HLA-DRB5,-1.11383806240563
CD8 T Effector Memory 2,HLA-DPB1,-1.14394748021679
CD8 T Effector Memory 2,HSP90AA1,-1.16946622578283
CD8 T Effector Memory 2,GZMB,-1.30181938486978
CD8 T Effector Memory 2,LAG3,-1.34522404763341
CD8 T Effector Memory 2,CD27,-1.36603731607116
CD8 T Effector Memory 2,HLA-DPA1,-1.40244364955962
CD8 T Effector Memory 2,HLA-DQA1,-1.54070639056988
CD8 T Effector Memory 2,HLA-DRB1,-1.56975417736302
CD8 T Effector Memory 2,HSPB1,-1.68655053003565
CD8 T Effector Memory 2,VCAM1,-1.75609305606106
CD8 T Effector Memory 2,HLA-DRA,-1.80839785803912
CD8 T Effector Memory 2,HSPA1A,-1.87966100923688
CD8 T Effector Memory 2,CXCL13,-2.42982162378235
CD8 T Effector Memory 2,GEM,-1.94027077770027
CD8 T Effector Memory 2,S100A4,-0.865874419317214
CD8 T Effector Memory 2,RGS1,-1.25244482387553
CD8 T Effector Memory 2,PTMS,-1.18021461894559
CD8 T Effector Memory 2,HMOX1,-2.05283417649327
CD8 T Effector Memory 2,GZMA,-0.953217831903755
CD8 T Effector Memory 2,MCUB,0.793261452997868
CD8 T Effector Memory 2,HSPA1B,-2.49201332592385
CD8 T Effector Memory 2,BATF,-0.979570583382412
CD8 T Effector Memory 2,IL32,-0.735506296343433
CD8 T Effector Memory 2,HLA-DMA,-1.4946374520424
CD8 T Effector Memory 2,TNFRSF9,-0.830153090665318
CD8 T Effector Memory 2,LGALS1,-1.15975311956852
CD8 T Effector Memory 2,CD82,-0.920667077715449
CD8 T Effector Memory 2,HMGB2,-1.01508489294383
CD8 T Effector Memory 2,ID2,-0.923259592880343
CD8 T Effector Memory 2,CCL4,-1.19341685098308
CD8 T Effector Memory 2,PSMB9,-0.733615469705401
CD8 T Effector Memory 2,NR4A2,-1.12821487208194
CD8 T Effector Memory 2,GZMH,-0.85106157338169
CD8 T Effector Memory 2,RGS2,-1.12567148467615
CD8 T Effector Memory 2,BST2,-0.894497345753177
CD8 T Effector Memory 2,DNAJB1,-1.59540761228686
CD8 T Effector Memory 2,CACYBP,-0.861992367323525
CD8 T Effector Memory 2,CARD16,-1.11971345685965
CD8 T Effector Memory 2,PDCD1,-1.15040520891042
CD8 T Effector Memory 2,PRF1,-0.945493259507844
CD8 T Effector Memory 2,ID3,-0.884443100149442
CD8 T Effector Memory 2,FYB1,-0.804245169960843
CD8 T Effector Memory 2,ITGB2,-0.797780394301396
CD8 T Effector Memory 2,ICOS,-1.03365932466342
CD8 T Effector Memory 2,CHST12,-0.971611386911415
CD8 T Effector Memory 2,ANXA6,-0.854806301762264
CD8 T Effector Memory 2,FABP5,-0.765438715809114
CD8 T Effector Memory 2,JUNB,-0.846052158794599
CD8 T Effector Memory 2,TNFSF10,-1.04478756803639
CD8 T Effector Memory 2,PHLDA1,-0.847348733503141
CD8 T Effector Memory 2,LDLRAD4,-0.808349284823422
CD8 T Effector Memory 2,EVL,-0.825474840782141
CD8 T Effector Memory 2,AHSA1,-0.818360492869497
CD8 T Effector Memory 2,DOK2,-0.787560717106784
CD8 T Effector Memory 2,BHLHE40,-0.973080111231104
CD8 T Effector Memory 2,CRTAM,-1.08075990668705
CD8 T Effector Memory 2,TYMP,-0.880749788663174
CD8 T Effector Memory 2,TSPO,-0.732908319630949
CD8 T Effector Memory 2,ISG15,-0.709982330514563
CD8 T Effector Memory 2,HLA-DQB1,-0.770165318480085
CD8 T Effector Memory 2,SH3BGRL,-0.715614863204856
CD8 T Effector Memory 2,GALM,-0.861174993643996
CD8 T Effector Memory 2,PMAIP1,-0.698804416636089
CD8 T Effector Memory 2,MTHFD2,-0.702578891856366
CD8 T Effector Memory 2,XCL1,-1.01475919008234
CD8 T Effector Memory 2,GCLM,0.713660383614558
CD8 T Effector Memory 2,ZFAND2A,-1.06368540144708
CD8 T Effector Memory 2,CHORDC1,-0.759769068830281
CD8 T Effector Memory 2,MIR155HG,-0.784779291423829
CD8 T Effector Memory 2,CTSB,-0.775036351594749
CD8 T Effector Memory 2,FKBP4,-0.723976918486764
CD8 T Effector Memory 2,FOSB,-0.815030418505375
CD8 T Effector Memory 2,GLA,-0.731156024831471
CD8 T Effector Memory 2,DUSP1,-0.705953036509151
CD8 T Effector Memory 2,TUBB,-0.696002244904018
CD8 T Activated,EGR1,2.62849405630852
CD8 T Activated,HSPA6,2.46206078905256
CD8 T Activated,FOS,2.21482500995121
CD8 T Activated,HSPA1B,2.10980648063571
CD8 T Activated,GADD45B,2.04236094757768
CD8 T Activated,NR4A1,2.00917472672783
CD8 T Activated,FOSB,1.9022311644462
CD8 T Activated,ATF3,1.84160673239713
CD8 T Activated,DNAJB1,1.82196494726169
CD8 T Activated,DUSP1,1.78372036403434
CD8 T Activated,JUNB,1.5563221708926
CD8 T Activated,CD69,1.48934868033738
CD8 T Activated,NR4A2,1.47286776296496
CD8 T Activated,NFKBIA,1.46868777545243
CD8 T Activated,PPP1R15A,1.35338577183846
CD8 T Activated,KLF6,1.3337987976229
CD8 T Activated,DNAJA1,1.11869118082026
CD8 T Activated,JUN,1.08951460592444
CD8 T Activated,SRSF7,1.0262429348368
CD8 T Activated,TSC22D3,0.954291115283037
CD8 T Activated,HSPA8,0.815840691221882
CD8 T Activated,GAPDH,-0.857877458352186
CD8 T Activated,SLC2A3,1.27479220753502
CD8 T Activated,ZFP36L1,1.08757479103373
CD8 T Activated,S100A11,-0.869220240424861
CD8 T Activated,IER2,1.30745243375041
CD8 T Activated,HSPA1A,1.29627092474166
CD8 T Activated,EIF4A2,1.08653504890074
CD8 T Activated,TGFB1,-0.855682008492659
CD8 T Activated,IFRD1,1.22501762108228
CD8 T Activated,CCNL1,1.09889347460011
CD8 T Activated,BRD2,0.802972496990227
CD8 T Activated,HSP90AB1,0.694700211264034
CD8 T Activated,TUBB4B,0.933253723250572
CD8 T Activated,PNRC1,0.777507933397033
CD8 T Activated,APOBEC3G,-0.829356556466563
CD8 T Activated,HSPH1,0.895939047512686
CD8 T Activated,RSRP1,1.28491806959603
CD8 T Activated,PKM,-0.816969980941204
CD8 T Activated,SERTAD1,1.23500508967508
CD8 T Activated,S100A10,-0.733553542113261
CD8 T Activated,ANXA2,-1.05367097453357
CD8 T Activated,DEDD2,1.31450810328747
CD8 T Activated,TNFAIP3,0.775115150609993
CD8 T Activated,KLF10,1.63515600820525
CD8 T Activated,ZFP36L2,0.81857744926776
CD8 T Activated,KLF2,1.51580131671002
CD8 T Activated,ISG20,-1.01052312231706
CD8 T Activated,LSP1,-0.740928206442332
CD8 T Activated,ZFAND2A,1.31209494879502
CD8 T Activated,ENO1,-0.697995502819541
CD8 T Activated,H2AFX,1.1812038092941
CD8 T Activated,CLK1,1.09415109589166
CD8 T Activated,EIF5,0.763129892074689
CD8 T Activated,PPP1CA,-0.824685652457478
CD8 T Activated,RSRC2,1.08410972465718
CD8 T Activated,PRF1,-1.32813137306812
CD8 T Activated,BTG2,1.23384935799768
CD8 T Activated,RARRES3,-0.805530845415563
CD8 T Activated,ATP5MF,-0.818488961406781
CD8 T Activated,MYLIP,1.40499755717737
CD8 T Activated,SLA2,-1.16230392658369
CD8 T Activated,CSRNP1,0.999854302901403
CD8 T Activated,MT2A,-0.75139901764569
CD8 T Activated,ID2,1.04231387830582
CD8 T Activated,FKBP1A,-0.761152610058525
CD8 T Activated,CXCR3,-0.886950534708769
CD8 T Activated,WDR1,-0.768930727606082
CD8 T Activated,PSMB9,-0.699731892200213
CD8 T Activated,ZC3H12A,1.23445241710247
CD8 T Activated,BAG3,1.26054432607778
CD8 T Activated,SNHG12,1.31043526820516
CD8 T Activated,ATP5MD,-0.790760552017535
CD8 T Activated,CHST12,-1.32545372478507
CD8 T Activated,COX5A,-0.761529087128832
CD8 T Activated,ISG15,-0.898588381264121
CD8 T Activated,OASL,-0.701272148043212
CD8 T Activated,RABAC1,-0.772263676566475
CD8 T Activated,ANXA5,-0.785280790913171
CD8 T Activated,GZMB,-1.16534027180562
CD8 T Activated,DDIT4,1.14701540247398
CD8 T Activated,ATP1B3,-0.735765169068384
CD8 T Activated,SNHG15,1.08907130915758
CD8 T Activated,NR4A3,1.14952505382447
CD8 T Activated,RBX1,-0.80116446998808
CD8 T Activated,UBE2L6,-0.792032442142455
CD8 T Activated,ATP6V1F,-0.765639367877699
CD8 T Activated,ZFAS1,0.94427588637738
CD8 T Activated,FUS,0.726316764484619
CD8 T Activated,BRK1,-0.710637556278297
CD8 T Activated,DYNLRB1,-0.769487134649422
CD8 T Activated,REL,0.787617246167652
CD8 T Activated,CYB5R3,-0.893890344734116
CD8 T Activated,TAGAP,0.937887677465929
CD8 T Activated,APOBEC3C,-0.787465044801609
CD8 T Activated,GGA2,-0.852349548163033
CD8 T Activated,MEAF6,-0.727101675442103
CD8 T Activated,ATF4,1.00717537703507
CD8 T Activated,AP2M1,-0.750880350703587
CD8 T Activated,RASGEF1B,1.22396043366702
CD8 T Activated,PDCD5,-0.949657581855051
CD8 T Activated,PRDX5,-0.753618262998118
CD8 T Activated,DDIT3,1.22403093453424
CD8 T Activated,NEU1,0.800527369808684
CD8 T Activated,SNHG8,1.07941249353169
CD8 T Activated,NDUFS6,-0.76543694039113
CD8 T Activated,TIGIT,-0.866976152101627
CD8 T Activated,CD63,-0.763240186513231
CD8 T Activated,ZNF331,0.77650363063939
CD8 T Activated,ARPC1B,-0.788725789303165
CD8 T Activated,AP2S1,-0.819472449540118
CD8 T Activated,NUTF2,-0.918644321613979
CD8 T Activated,CITED2,1.08913312687051
CD8 T Activated,C4orf48,-1.03195404171407
CD8 T Activated,IFI6,-0.97186117870554
CD8 T Activated,SELPLG,-0.698663549685598
CD8 T Activated,TXNIP,1.46088881632768
CD8 T Activated,SBDS,0.897455649751473
CD8 T Activated,NDUFA12,-0.738828607390645
CD8 T Activated,LGALS3,-1.1070591987607
CD8 T Activated,TOB1,0.991783566839744
CD8 T Activated,PIM2,1.01481259390795
CD8 T Activated,ZC3HAV1,0.719284478538659
CD8 T Activated,YWHAH,-0.852122197967359
CD8 T Activated,SRSF3,0.917053916743019
CD8 T Activated,TWF2,-0.697410760210644
CD8 T Activated,UBE2E3,-0.990035067169093
CD8 T Activated,MX1,-0.903005108698475
CD8 T Activated,NEDD8,-0.736296307286981
CD8 T Activated,TMEM43,-0.715853941710338
CD8 T Activated,PLK3,0.927523884566891
CD8 T Activated,CCNDBP1,-0.697068593764723
CD8 T Activated,TNFSF10,-1.14648877951052
CD8 T Activated,MGST3,-0.787912344174028
CD8 T Activated,TIPARP,1.11638191587226
CD8 T Activated,TALDO1,-0.750744389725707
CD8 T Activated,ZFAND5,0.773494466709356
CD8 T Activated,NFKBIZ,1.125084401428
CD8 T Activated,CARHSP1,-0.8208246377944
CD8 T Activated,POLR2I,-0.702757918114165
CD8 T Activated,AP1M1,-0.767649357211702
CD8 T Activated,CCL4,1.40863251268387
CD8 T Activated,PER1,0.891358066132768
CD8 T Activated,ITGAE,-0.760910421909886
CD8 T Activated,CHORDC1,0.960361160265788
CD8 T Activated,CD58,-0.746528943126933
CD8 T Activated,UBE2S,0.935203277805977
CD8 T Activated,DDX3X,0.723230069356437
CD8 T Activated,CTSB,-0.803121265014671
CD8 T Activated,RHOH,0.720933944922004
CD8 T Activated,STK17B,0.694289791242784
CD8 T Activated,EIF4A3,0.75527819803253
CD8 T Activated,APLP2,-0.768819992281011
CD8 T Activated,VPS35,-0.750980500087519
CD8 T Activated,PPP1R10,1.05670721519105
CD8 T Activated,CCL4L2,1.36253498316456
CD8 T Activated,TYMP,-0.742651229363042
CD8 T Activated,PTGER4,0.893968959509515
CD8 T Activated,CKS2,0.886801371760059
CD8 T Activated,CHMP1B,1.04314821437935
CD8 T Activated,TRA2B,0.836818790346954
CD8 T Activated,KLRD1,-0.746793178275223
CD8 T Activated,PLEC,-0.824270983760193
CD8 T Activated,ODC1,0.732672043864108
CD8 T Activated,CHD2,0.720067210498243
CD8 T Activated,SAMD9,-0.743079325927972
CD8 T Activated,TUBB2A,0.923500620869738
CD8 T Activated,SLC1A5,0.829616004377026
CD8 T Activated,AMD1,0.784210968812499
CD8 T Activated,MRPL18,1.03095459842545
CD8 T Activated,HBP1,0.745870743499422
CD8 T Activated,STMN1,-0.732941998952822
CD8 T Activated,GYG1,-0.698845538470825
CD8 T Activated,TUBB,-0.792484482060904
CD8 T Activated,SLC38A2,0.767331468848653
CD8 T Activated,CD55,1.06762762156931
CD8 T Activated,TCP1,0.724143332009515
CD8 T Activated,CCNH,0.865176758780811
CD8 T Activated,IFNG,1.29260119993253
CD8 T Activated,DDX3Y,0.744886189000943
CD8 T Activated,RGS2,0.842231542530687
CD8 T Activated,ELL2,0.742457403965671
CD8 T Activated,CDKN1A,0.830199238910692
CD8 T Activated,YTHDC1,0.731648723509523
CD8 T Activated,CCDC59,0.717792355653006
CD8 T Activated,RSBN1,0.726621711608065
CD8 T Activated,PNP,0.740404623156777
CD8 T Activated,C1orf52,0.760811132349289
CD8 T Activated,CDC42EP3,0.755516842765182
CD8 T Activated,VSIR,0.711849099263372
CD8 T Activated,RHOB,0.733514213415867
CD8 T Progenitor Exhausted,CAV1,1.76319721508531
CD8 T Progenitor Exhausted,GNG4,1.73794563282177
CD8 T Progenitor Exhausted,XCL1,1.53814383282147
CD8 T Progenitor Exhausted,CRTAM,1.34499575794135
CD8 T Progenitor Exhausted,CXCL13,1.20593748785878
CD8 T Progenitor Exhausted,GEM,1.16713365557095
CD8 T Progenitor Exhausted,XCL2,1.12592137166148
CD8 T Progenitor Exhausted,ANXA1,-1.51693427781849
CD8 T Progenitor Exhausted,HLA-DRA,0.992185561947773
CD8 T Progenitor Exhausted,BAG3,1.278295299062
CD8 T Progenitor Exhausted,HSPA1B,0.912303555139892
CD8 T Progenitor Exhausted,HLA-DQA1,1.08012518632868
CD8 T Progenitor Exhausted,HSPB1,0.92256958967206
CD8 T Progenitor Exhausted,FABP5,0.933708841904306
CD8 T Progenitor Exhausted,FTH1,-0.720940645710826
CD8 T Progenitor Exhausted,SERPINH1,1.44991306408881
CD8 T Progenitor Exhausted,HLA-DPA1,0.873713040294278
CD8 T Progenitor Exhausted,HLA-DRB1,0.923749340788092
CD8 T Progenitor Exhausted,HSPA1A,1.02931333849207
CD8 T Progenitor Exhausted,RGS2,0.857740172100719
CD8 T Progenitor Exhausted,CD74,0.757701130473185
CD8 T Progenitor Exhausted,HSPD1,0.784633744470633
CD8 T Progenitor Exhausted,HSPA6,0.99747540528401
CD8 T Progenitor Exhausted,HSPE1,0.730708801904038
CD8 T Progenitor Exhausted,CD82,0.706126836050751
CD8 T Progenitor Exhausted,TOX,0.907172671744417
CD8 T Progenitor Exhausted,HLA-DPB1,0.767216284037278
CD8 T Progenitor Exhausted,DNAJB1,0.960000102836482
CD8 T Progenitor Exhausted,HLA-DMA,0.791475889014443
CD8 T Progenitor Exhausted,GK,0.899089189060986
CD8 T Progenitor Exhausted,ZFAND2A,0.933464288228818
CD8 T Progenitor Exhausted,NMB,1.31345499763413
CD8 T Progenitor Exhausted,OASL,-0.80166205740101
CD8 T Progenitor Exhausted,DEDD2,0.823535761298528
CD8 T Progenitor Exhausted,CMC1,0.902601018842549
CD8 T Progenitor Exhausted,GPR183,-1.37304919625595
CD8 T Progenitor Exhausted,ENC1,0.841862675860092
CD8 T Progenitor Exhausted,SELPLG,-0.910169414515791
CD8 T Progenitor Exhausted,GZMB,-0.833897022707253
CD8 T Progenitor Exhausted,GZMH,-0.825430417133149
CD8 T Progenitor Exhausted,SLA2,-0.758203288839915
CD8 T Progenitor Exhausted,PDE4B,-0.735464943108054
CD8 T Progenitor Exhausted,CHST12,-0.861954478661522
CD8 T Progenitor Exhausted,AKNA,-0.770730344492938
CD8 T Progenitor Exhausted,ARL4C,-0.763512577842729
CD8 T Progenitor Exhausted,GLIPR1,-0.86286881871523
CD8 T Progenitor Exhausted,UPP1,-0.836332844424434
CD8 T Progenitor Exhausted,FAM102A,-0.892556722957292
CD8 T Progenitor Exhausted,IL7R,-0.767813604472492
CD8 T Progenitor Exhausted,PIK3R1,-0.707370169283712
CD8 T Progenitor Exhausted,PRF1,-0.814839022936208
CD8 T Progenitor Exhausted,FOXP1,-0.825880078293376
CD8 T Progenitor Exhausted,ABLIM1,-0.827470992316429
CD8 T Progenitor Exhausted,GIMAP7,-0.739656772360721
CD8 T Progenitor Exhausted,GYG1,-0.759110234177893
CD8 T Proliferating,UBE2C,4.16489358067785
CD8 T Proliferating,PKMYT1,4.15910868177518
CD8 T Proliferating,BIRC5,3.82596089424072
CD8 T Proliferating,CDCA5,3.81825634829853
CD8 T Proliferating,MKI67,3.55380059104823
CD8 T Proliferating,HIST1H1B,3.46962197654137
CD8 T Proliferating,ZWINT,3.4250104856402
CD8 T Proliferating,KIFC1,3.3360112584737
CD8 T Proliferating,CDT1,3.32887777136179
CD8 T Proliferating,TK1,3.28216165699963
CD8 T Proliferating,ASPM,3.12071265798978
CD8 T Proliferating,ASF1B,3.10337683471416
CD8 T Proliferating,TYMS,2.98470509334133
CD8 T Proliferating,TOP2A,2.97846038588519
CD8 T Proliferating,CENPW,2.97374501710912
CD8 T Proliferating,CENPU,2.94330209658079
CD8 T Proliferating,CDCA8,2.92885219271489
CD8 T Proliferating,CDK1,2.92519135060912
CD8 T Proliferating,MAD2L1,2.69698107613557
CD8 T Proliferating,GGH,2.62871987788426
CD8 T Proliferating,CKAP2L,2.61544181913673
CD8 T Proliferating,CLSPN,2.5780159103994
CD8 T Proliferating,TUBB,2.52879225122695
CD8 T Proliferating,TPX2,2.33677774347316
CD8 T Proliferating,SMC2,2.32045707310315
CD8 T Proliferating,CKS1B,2.30079421289925
CD8 T Proliferating,STMN1,2.28028068414978
CD8 T Proliferating,UBE2T,2.19608253984609
CD8 T Proliferating,HIST1H1D,2.14354243341128
CD8 T Proliferating,NRM,2.12949734298484
CD8 T Proliferating,KIF23,2.1023828562209
CD8 T Proliferating,CENPM,2.04386984472405
CD8 T Proliferating,CDKN3,2.01564137270278
CD8 T Proliferating,CENPN,2.01422191977428
CD8 T Proliferating,LIG1,1.95572614114124
CD8 T Proliferating,DUT,1.92713791698487
CD8 T Proliferating,MCM7,1.89474932460315
CD8 T Proliferating,NUDT1,1.88893228531782
CD8 T Proliferating,FEN1,1.87592391691017
CD8 T Proliferating,DTYMK,1.85607742149646
CD8 T Proliferating,CENPF,1.84857381791592
CD8 T Proliferating,TMEM106C,1.84685927484341
CD8 T Proliferating,HMGN2,1.80925824345281
CD8 T Proliferating,NUSAP1,1.80463980636533
CD8 T Proliferating,ATAD2,1.7851401739333
CD8 T Proliferating,PCNA,1.77412903533104
CD8 T Proliferating,KIF22,1.72570359225741
CD8 T Proliferating,MCM3,1.6791161363754
CD8 T Proliferating,PHF19,1.62751662714609
CD8 T Proliferating,TUBA1B,1.61874542666286
CD8 T Proliferating,HIST1H1E,1.56915858290469
CD8 T Proliferating,TACC3,1.56476244803768
CD8 T Proliferating,GSTM1,1.48525632006609
CD8 T Proliferating,IDH2,1.35884512820977
CD8 T Proliferating,HMGB2,1.34663637401778
CD8 T Proliferating,CKS2,1.30979975174689
CD8 T Proliferating,SMC4,1.28258693286701
CD8 T Proliferating,PTTG1,1.25364451761412
CD8 T Proliferating,CDKN2A,1.25082925285107
CD8 T Proliferating,MT1E,1.23378593771872
CD8 T Proliferating,EZH2,1.22228933989844
CD8 T Proliferating,H2AFY,1.20345667330992
CD8 T Proliferating,NUCB2,1.18704467835936
CD8 T Proliferating,NUCKS1,1.18094246448454
CD8 T Proliferating,H2AFZ,1.17555643970815
CD8 T Proliferating,DNMT1,1.16911096130243
CD8 T Proliferating,TMPO,1.11709639843998
CD8 T Proliferating,MCM5,1.06910175829017
CD8 T Proliferating,HMGB1,1.05472741817046
CD8 T Proliferating,ANP32B,1.03948644510059
CD8 T Proliferating,CALM3,1.0291233857165
CD8 T Proliferating,HLA-DRA,1.00381355790568
CD8 T Proliferating,ACTB,0.975532915949231
CD8 T Proliferating,PFN1,0.946701712046283
CD8 T Proliferating,PSMB9,0.940767448267623
CD8 T Proliferating,H2AFV,0.924234935801635
CD8 T Proliferating,HLA-DMA,0.910937073506077
CD8 T Proliferating,COX8A,0.862534922390114
CD8 T Proliferating,CD74,0.741229080330427
CD8 T Proliferating,ACTG1,0.707220743419059
CD8 T Proliferating,RPS27,-0.833279099748777
CD8 T Proliferating,HLA-DPA1,0.864294068861746
CD8 T Proliferating,CENPX,1.26845397588983
CD8 T Proliferating,GMNN,1.28164763880662
CD8 T Proliferating,ANAPC11,0.985322750081898
CD8 T Proliferating,DEK,0.943995696683228
CD8 T Proliferating,HLA-DRB1,0.850942495028612
CD8 T Proliferating,SKA2,1.36562256996473
CD8 T Proliferating,PSME2,0.815457180801394
CD8 T Proliferating,ANP32E,1.06149751632811
CD8 T Proliferating,LSM4,1.05724604194307
CD8 T Proliferating,HIST1H4C,1.37339023113449
CD8 T Proliferating,HMGN3,0.96100793497311
CD8 T Proliferating,SLC25A5,0.714478769095145
CD8 T Proliferating,SMC1A,1.14540929117382
CD8 T Proliferating,CORO1A,0.704108754022976
CD8 T Proliferating,RRM1,1.25812659022812
CD8 T Proliferating,MAD2L2,1.11462302287344
CD8 T Proliferating,MT2A,0.806627995212613
CD8 T Proliferating,PRDX2,0.940025289137886
CD8 T Proliferating,LSM2,0.889994418054705
CD8 T Proliferating,PAFAH1B3,1.21940839677882
CD8 T Proliferating,DNAJC9,0.957398842547013
CD8 T Proliferating,CXCL13,0.813619521438704
CD8 T Proliferating,NAA38,1.07940103998187
CD8 T Proliferating,FABP5,0.750894048924474
CD8 T Proliferating,HINT2,1.08633072985992
CD8 T Proliferating,YEATS4,1.1518101944357
CD8 T Proliferating,BANF1,0.833302072258554
CD8 T Proliferating,SIVA1,0.852441442799746
CD8 T Proliferating,PHPT1,0.888096279673698
CD8 T Proliferating,RANBP1,0.94974960647536
CD8 T Proliferating,SHMT2,1.0532811580793
CD8 T Proliferating,SNRPA,0.878708593695541
CD8 T Proliferating,RPA3,0.911423419954142
CD8 T Proliferating,SNRNP25,1.26716017799186
CD8 T Proliferating,HMGB3,1.19368886113388
CD8 T Proliferating,CDC25B,1.11058657896109
CD8 T Proliferating,SAE1,1.09149843123049
CD8 T Proliferating,TALDO1,0.856745791726127
CD8 T Proliferating,H2AFX,0.729707505260628
CD8 T Proliferating,HSPB11,1.0184570473025
CD8 T Proliferating,GSTP1,0.759826118457689
CD8 T Proliferating,PTMS,0.729282885386966
CD8 T Proliferating,MRPL11,1.04169893716277
CD8 T Proliferating,BLOC1S1,1.10206912699569
CD8 T Proliferating,IFI27L2,0.764035123070275
CD8 T Proliferating,MYL6B,1.04741208086023
CD8 T Proliferating,PYCARD,0.945426142716321
CD8 T Proliferating,CARHSP1,0.728004172692247
CD8 T Proliferating,C12orf75,0.769213776233856
CD8 T Proliferating,PPIH,0.979369833767914
CD8 T Proliferating,DCTN3,0.809329600818333
CD8 T Proliferating,MTHFD2,0.707145842272045
CD8 T Proliferating,ZFP36,-0.868533972846876
CD8 T Proliferating,SSRP1,0.903922311670538
CD8 T Proliferating,FDPS,0.910686989657233
CD8 T Proliferating,FIBP,0.838107103478795
CD8 T Proliferating,USP1,0.859739957691168
CD8 T Proliferating,ACAT2,0.930169386081837
CD8 T Proliferating,NDUFS8,0.736613294924594
CD8 T Proliferating,AKR7A2,0.992467940321111
CD8 T Proliferating,UBE2S,0.754443108945834
CD8 T Proliferating,TSTD1,0.702351675454634
CD8 T Proliferating,MZT2A,0.793533236584073
CD8 T Proliferating,CD70,0.88799227175751
CD8 T Proliferating,PRDX3,0.826204964705124
CD8 T Proliferating,PNKD,0.922550671808227
CD8 T Proliferating,LGALS1,0.805427393478848
CD8 T Proliferating,MZT2B,0.775547458031844
CD8 T Proliferating,MT1F,0.755324566180538
CD8 T Proliferating,DDX39A,0.70223498563609
CD8 T Proliferating,ACOT7,0.977384306511616
CD8 T Proliferating,MCRIP1,0.766723905538813
CD8 T Proliferating,HPRT1,0.779983508378569
CD8 T Proliferating,CD38,0.69592737243452
CD8 T Proliferating,LMNB1,0.712402971365992
CD8 T Proliferating,LSM3,0.726803511941468
CD8 T Proliferating,RPS29,-0.813848321533008
CD8 T Proliferating,MIS18BP1,0.805688430970517
CD8 T Proliferating,IL7R,-1.56414257459221
CD8 T Proliferating,WDR54,0.808911575534618
CD8 T Proliferating,VPS29,0.705347381069802
CD8 T Proliferating,CKAP2,0.829839249505603
CD8 T Proliferating,PSIP1,0.790924148424122
CD8 T Proliferating,SMC3,0.709626552422865
CD8 T Proliferating,CDK4,0.820891715081441
CD8 T Proliferating,PFKL,0.79430674873001
CD8 T Proliferating,NCAPH2,0.893414947684091
CD8 T Proliferating,YIF1B,0.771505840602145
CD8 T Proliferating,MRPL37,0.700758324102192
CD8 T Proliferating,POLD2,0.88060282141022
CD8 T Proliferating,POP7,0.730460626105443
CD8 T Proliferating,LSM5,0.696359095045656
CD8 T Proliferating,RBBP8,0.825137804647912
CD8 T Proliferating,NENF,0.698947154444847
CD8 T Proliferating,GPAA1,0.726642920363959
CD8 T Proliferating,H1FX,0.710702814002414
CD8 T Proliferating,LMNA,-0.699307609253945
CD8 T Proliferating,MCM6,0.696670063144658
CD8 T Proliferating,GPR183,-1.65303677008702
CD8 T Proliferating,ANXA1,-1.02494073299215
CD8 T Proliferating,CDCA4,0.714204784166081
CD8 T Proliferating,GZMM,-1.03223017903785
CD8 T Proliferating,TCF7,-1.29517909103832
CD8 T Proliferating,PBXIP1,-0.808615437171601
CD8 T Proliferating,MBP,-1.09939144924236
CD8 T Proliferating,GABARAPL1,-0.782818010286594
CD8 T Proliferating,PRNP,-0.999130278324767
CD8 T Proliferating,AHNAK,-0.767393651310085
CD8 T Proliferating,MARCKSL1,-0.903712470688546
CD8 T Proliferating,ANXA2,-0.711206692448973
CD8 T Proliferating,TSPYL2,-0.812617305350229
CD8 T Proliferating,CD55,-0.944366820044901
CD8 T Proliferating,AKNA,-0.805969566373261
CD8 T Proliferating,ABLIM1,-0.904832972764891
CD8 T Proliferating,KLRD1,-0.931573992336833
CD8 T Proliferating,PIK3R1,-0.802447396384992
CD8 T Proliferating,MAT2A,-0.776383633454622
CD8 T Proliferating,PBX4,-0.750409062385732
CD8 T Apoptotic,EEF1A1,-1.00190587903345
CD8 T Apoptotic,MALAT1,1.4981129964684
CD8 T Apoptotic,TMSB4X,-1.14622900235178
CD8 T Apoptotic,RPLP1,-0.893398544590045
CD8 T Apoptotic,TPT1,-1.01239615700289
CD8 T Apoptotic,RPL41,-0.866640230764693
CD8 T Apoptotic,RPS6,-1.07635749524637
CD8 T Apoptotic,RPS28,-1.06772247210301
CD8 T Apoptotic,RPL15,-0.949737739814398
CD8 T Apoptotic,PPIA,-1.185431211145
CD8 T Apoptotic,RPS14,-0.904340569879032
CD8 T Apoptotic,RPS27,-1.02544423341166
CD8 T Apoptotic,RPL9,-1.03804487493462
CD8 T Apoptotic,RPL39,-0.991322707455504
CD8 T Apoptotic,RPSA,-1.05188274504155
CD8 T Apoptotic,RPL23A,-0.948983179999296
CD8 T Apoptotic,RPS23,-0.86440740911855
CD8 T Apoptotic,RPS4X,-0.905350245563445
CD8 T Apoptotic,RPL10,-0.705186546990621
CD8 T Apoptotic,RPS12,-0.837360720363165
CD8 T Apoptotic,RPL21,-0.894295632578745
CD8 T Apoptotic,RPS15A,-0.782649327514714
CD8 T Apoptotic,RPS16,-0.970408322615148
CD8 T Apoptotic,RPLP2,-0.842474040212187
CD8 T Apoptotic,RPL35A,-0.834143335475501
CD8 T Apoptotic,RPS25,-0.840113188734481
CD8 T Apoptotic,RPS27A,-0.733817946694916
CD8 T Apoptotic,RPS3A,-0.786272210602061
CD8 T Apoptotic,MT-CO1,0.943195937040302
CD8 T Apoptotic,RPL18A,-0.760845348475553
CD8 T Apoptotic,RPL37,-0.895429994997428
CD8 T Apoptotic,RPS3,-0.747553927894794
CD8 T Apoptotic,RPL34,-0.845181034143581
CD8 T Apoptotic,RPL32,-0.773878419038926
CD8 T Apoptotic,RPL19,-0.744368111132263
CD8 T Apoptotic,RPS13,-0.789722768104684
CD8 T Apoptotic,UBA52,-0.960800050619596
CD8 T Apoptotic,MT-CO2,0.843867758441355
CD8 T Apoptotic,RPS29,-1.3055606444663
CD8 T Apoptotic,RPS7,-0.748179373292445
CD8 T Apoptotic,RPS9,-0.77791950522139
CD8 T Apoptotic,RPLP0,-0.771712268961839
CD8 T Apoptotic,RPL7A,-0.717485355053774
CD8 T Apoptotic,RPL3,-0.808226148532562
CD8 T Apoptotic,RPS18,-0.734940166643352
CD8 T Apoptotic,RPL27,-0.967778373081899
CD8 T Apoptotic,RPL8,-0.704941068843038
CD8 T Apoptotic,RPS5,-0.75905348293982
CD8 T Apoptotic,RPL6,-0.717506361299329
CD8 T Apoptotic,RPL26,-0.903798000912957
CD8 T Apoptotic,PFN1,-0.996504900556733
CD8 T Apoptotic,TOMM7,-1.04629345645469
CD8 T Apoptotic,RPS24,-0.704069876692929
CD8 T Apoptotic,SH3BGRL3,-0.830663058006412
CD8 T Apoptotic,FTH1,-0.718561387957385
CD8 T Apoptotic,RPL24,-0.726726818189172
CD8 T Apoptotic,CFL1,-0.84667256195603
CD8 T Apoptotic,RPL27A,-1.05914850495828
CD8 T Apoptotic,MT-CYB,1.0088104102571
CD8 T Apoptotic,RPS21,-0.859512581183788
CD8 T Apoptotic,RPL37A,-0.773945023884536
CD8 T Apoptotic,RPL36,-0.733682182405691
CD8 T Apoptotic,BTF3,-0.817643646145036
CD8 T Apoptotic,COX7C,-0.892721699808987
CD8 T Apoptotic,RPL10A,-0.758222484610911
CD8 T Apoptotic,ATP5F1E,-0.858816576410732
CD8 T Apoptotic,GAPDH,-0.695907008838304
CD8 T Apoptotic,ATP5MG,-0.8191588959888
CD8 T Apoptotic,RPL38,-1.0164802801249
CD8 T Apoptotic,RACK1,-0.751460799380566
CD8 T Apoptotic,MIF,-0.783540854762987
CD8 T Apoptotic,OST4,-0.868183518660114
CD8 T Apoptotic,RPL22,-0.800768544274311
CD8 T Apoptotic,HINT1,-0.845740562760568
CD8 T Apoptotic,RPL4,-0.819752972245194
CD8 T Apoptotic,FTL,-0.809896619431548
CD8 T Apoptotic,MT-ND4L,1.00297268366148
CD8 T Apoptotic,GABARAP,-0.881975362043928
CD8 T Apoptotic,COX7A2,-0.967096973554347
CD8 T Apoptotic,MYL12B,-0.777057820508424
CD8 T Apoptotic,RPS20,-0.922236096790842
CD8 T Apoptotic,ARHGDIB,-0.724150588090986
CD8 T Apoptotic,EEF1B2,-0.777486442197592
CD8 T Apoptotic,SOD1,-0.769788150777179
CD8 T Apoptotic,PSME1,-0.832597565827064
CD8 T Apoptotic,RPL36AL,-0.698071343206854
CD8 T Apoptotic,PRDX1,-0.95705161978361
CD8 T Apoptotic,CALM2,-0.747962567780855
CD8 T Apoptotic,COX8A,-0.907922852262001
CD8 T Apoptotic,COX6C,-1.05472374281709
CD8 T Apoptotic,EIF3F,-0.759302080609241
CD8 T Apoptotic,SLC25A5,-0.740004514917749
CD8 T Apoptotic,PRDX6,-1.10945835701391
CD8 T Apoptotic,UQCRB,-0.728550574501521
CD8 T Apoptotic,NDUFS5,-0.741424170127179
CD8 T Apoptotic,RHOA,-0.715146340358974
CD8 T Apoptotic,ATP5MC2,-0.776634582262255
CD8 T Apoptotic,GNG5,-0.762125248014369
CD8 T Apoptotic,ARPC3,-0.696587948860875
CD8 T Apoptotic,SEC61B,-0.697368320829379
CD8 T Apoptotic,NKG7,-0.76254352859058
CD8 T Apoptotic,COMMD6,-0.895567584050061
CD8 T Apoptotic,RARRES3,-0.936858833805299
CD8 T Apoptotic,S100A11,-0.763918340498436
CD8 T Apoptotic,S100A10,-0.796303431144983
CD8 T Apoptotic,MT-CO3,0.870923082918715
CD8 T Apoptotic,ALDOA,-0.744190344656147
CD8 T Apoptotic,ATP6V0E1,-0.718888680580089
CD8 T Apoptotic,RPL23,-0.701469803615976
CD8 T Apoptotic,ZFAS1,-0.792618847255148
CD8 T Apoptotic,UQCRH,-1.01710732166481
CD8 T Apoptotic,UQCR10,-0.846992434845606
CD8 T Apoptotic,COX7B,-0.843197340549283
CD8 T Apoptotic,MT-ND5,0.932547122394751
CD8 T Apoptotic,ATP5MC3,-0.769528776472842
CD8 T Apoptotic,FKBP1A,-0.976635743767709
CD8 T Apoptotic,COX6B1,-0.794062830487291
CD8 T Apoptotic,PARK7,-0.800526742561044
CD8 T Apoptotic,TXN,-0.856405151142378
CD8 T Apoptotic,ATP5MD,-0.883999774485918
CD8 T Apoptotic,DBI,-0.822644543653457
CD8 T Apoptotic,WDR83OS,-0.695236773402834
CD8 T Apoptotic,MT-ND2,1.14368241106196
CD8 T Apoptotic,MT-ND1,1.01722185043849
CD8 T Apoptotic,SNRPG,-0.880236767045825
CD8 T Apoptotic,COX5A,-0.793619570353016
CD8 T Apoptotic,PSMB3,-0.899117412215049
CD8 T Apoptotic,NDUFB2,-0.842268426999755
CD8 T Apoptotic,LDHB,-0.772571856238457
CD8 T Apoptotic,MT-ATP6,1.05140063204531
CD8 T Apoptotic,ATP5MF,-0.764080756598359
CD8 T Apoptotic,PEBP1,-0.721985583829431
CD8 T Apoptotic,HMGN2,-0.824501090844279
CD8 T Apoptotic,GSTP1,-0.840786756481132
CD8 T Apoptotic,SPCS1,-0.76004464936554
CD8 T Apoptotic,CRIP1,-0.911837177991085
CD8 T Apoptotic,BSG,-0.773657978323923
CD8 T Apoptotic,MT-ND4,1.01833408445002
CD8 T Apoptotic,RBX1,-1.01912417803927
CD8 T Apoptotic,CD52,-0.763831178087051
CD8 T Apoptotic,HIGD2A,-0.758912231759608
CD8 T Apoptotic,RPL36A,-0.78374453650437
CD8 T Apoptotic,PSME2,-0.716241722742687
CD8 T Apoptotic,PPP1CA,-0.708950203732553
CD8 T Apoptotic,SUMO1,-0.827648266860115
CD8 T Apoptotic,IFITM2,-0.712510898174151
CD8 T Apoptotic,SEC61G,-0.997753003237097
CD8 T Apoptotic,C4orf3,-0.973458522296237
CD8 T Apoptotic,UXT,-0.735207133689076
CD8 T Apoptotic,RPS4Y1,-0.914357341109329
CD8 T Apoptotic,NDUFB4,-0.976599162044051
CD8 T Apoptotic,EEF1G,-1.38312545312052
CD8 T Apoptotic,EIF3E,-0.793624485387753
CD8 T Apoptotic,CYSTM1,-0.883331821863679
CD8 T Apoptotic,ANXA2,-0.822797518552913
CD8 T Apoptotic,ATP5PB,-0.825776447946235
CD8 T Apoptotic,NDUFAB1,-0.988635948313511
CD8 T Apoptotic,GHITM,-0.738320263313355
CD8 T Apoptotic,APRT,-0.8696960900078
CD8 T Apoptotic,ATP5F1C,-1.02859519814885
CD8 T Apoptotic,MT-ND3,1.0716418349835
CD8 T Apoptotic,ATP5PF,-1.0172399350718
CD8 T Apoptotic,KRTCAP2,-0.703594435443552
CD8 T Apoptotic,NME2,-1.09326699123242
CD8 T Apoptotic,UQCR11,-0.770996142545994
CD8 T Apoptotic,ATP6V1F,-0.790837910732262
CD8 T Apoptotic,TMEM258,-0.879833146244538
CD8 T Apoptotic,TRAPPC1,-1.03189978099472
CD8 T Apoptotic,TOMM22,-0.849591134862901
CD8 T Apoptotic,SNRPF,-0.913438274693113
CD8 T Apoptotic,VAMP8,-0.727004735064065
CD8 T Apoptotic,TOMM5,-0.743949814301109
CD8 T Apoptotic,TSPO,-0.824595965481356
CD8 T Apoptotic,MDH2,-0.709936380198951
CD8 T Apoptotic,MRPL51,-0.953853714023366
CD8 T Apoptotic,GTF3C6,-0.907605813217336
CD8 T Apoptotic,NDUFA2,-0.714647752899378
CD8 T Apoptotic,NDUFA12,-0.78580906057422
CD8 T Apoptotic,ARPC1B,-0.774325898081562
CD8 T Apoptotic,COPS9,-0.881017183277023
CD8 T Apoptotic,GMFG,-0.810970504337333
CD8 T Apoptotic,SRI,-0.873174097614875
CD8 T Apoptotic,NUTF2,-1.00532945576081
CD8 T Apoptotic,PDCD5,-0.892388649806233
CD8 T Apoptotic,SEC11C,-0.774827729638408
CD8 T Apoptotic,SNRPC,-0.701109835374612
CD8 T Apoptotic,TALDO1,-0.874561717343631
CD8 T Apoptotic,SRP9,-0.704761751982938
CD8 T Apoptotic,PDCD6,-0.706722144120051
CD8 T Apoptotic,NEDD8,-0.886520935206903
CD8 T Apoptotic,DDT,-0.835635849281818
CD8 T Apoptotic,ASNA1,-0.80089776935924
CD8 T Apoptotic,NDUFAF3,-1.11826505008267
CD8 T Apoptotic,BANF1,-0.791543939381337
CD8 T Apoptotic,ABRACL,-0.763072570951419
CD8 T Apoptotic,IFITM3,-0.791236083619224
CD8 T Apoptotic,SMDT1,-0.71654411660204
CD8 T Apoptotic,COX17,-0.884636895806198
CD8 T Apoptotic,MGST3,-0.7999806359033
CD8 T Apoptotic,ACP1,-0.777849518274779
CD8 T Apoptotic,IFI6,-0.759781849363165
CD8 T Apoptotic,UBE2E3,-0.755455080284862
CD8 T Apoptotic,C4orf48,-0.699895298349348
CD8 T Apoptotic,SH3BGRL,-0.722628101375457
CD8 T Apoptotic,COX7A2L,-0.912834321081235
CD8 T Apoptotic,MRPL14,-0.824651690722625
CD8 T Apoptotic,TNFAIP3,0.985026900091363
CD8 T Apoptotic,LGALS3,-0.78299538572247
CD8 T Apoptotic,PYURF,-0.751288125676564
CD8 T Apoptotic,C14orf119,-0.737208326504274
CD8 T Apoptotic,HMGA1,-0.819327339196541
CD8 T Apoptotic,OCIAD2,-0.771834949683845
CD8 T Apoptotic,DPH3,-0.775845277614096
CD8 T Apoptotic,MT-ATP8,1.08111233729892
CD8 T Apoptotic,CXCL13,-1.06220082313193
CD8 T Apoptotic,NEAT1,1.88809469964393
CD8 T Apoptotic,FUS,1.1256286543932
CD8 T Apoptotic,HSPA1B,1.13435255695339
CD8 T Apoptotic,EIF4A1,0.740834740964395
CD8 T Apoptotic,JUN,0.790412936887291
CD8 T Apoptotic,RSRP1,1.28240852850773
CD8 T Apoptotic,TSPYL2,1.07991978269577
CD8 T Apoptotic,PPP1R15A,0.703598374812288
CD8 NK like-T,KLRC3,1.99860023844442
CD8 NK like-T,GNLY,2.10727756411664
CD8 NK like-T,CD300A,1.77697168643218
CD8 NK like-T,FTH1,0.869100025732397
CD8 NK like-T,PDE4A,1.58162870717574
CD8 NK like-T,HLA-DPA1,-2.2089496356298
CD8 NK like-T,KLRD1,0.917921767835579
CD8 NK like-T,MATK,1.36868263122785
CD8 NK like-T,CD74,-1.29142483147816
CD8 NK like-T,LAG3,-2.0249677978038
CD8 NK like-T,HLA-DRB1,-2.46712597896217
CD8 NK like-T,IL7R,0.718201499256853
CD8 NK like-T,PIK3R1,0.850705986133235
CD8 NK like-T,GPCPD1,1.06993129184602
CD8 NK like-T,HLA-DRB5,-1.7085486839945
CD8 NK like-T,HLA-DRA,-2.47613846463548
CD8 NK like-T,XCL1,0.921966290024517
CD8 NK like-T,HLA-DPB1,-1.53926612523589
CD8 NK like-T,TCF7,0.859965019593353
CD8 NK like-T,GZMA,-1.70927179773489
CD8 NK like-T,IFITM3,0.946147389292738
CD8 NK like-T,CXCL13,-4.86715451869934
CD8 NK like-T,PRKX,0.944612869886519
CD8 NK like-T,CAST,0.756493738804445
CD8 NK like-T,NKG7,-0.913200348070426
CD8 NK like-T,HLA-DQA1,-2.48661860925632
CD8 NK like-T,LDLRAD4,0.922202708220524
CD8 NK like-T,XCL2,0.922959734357723
CD8 NK like-T,CD2,-0.908550346366193
CD8 NK like-T,CD8B,-1.0191212408543
CD8 NK like-T,DUSP4,-0.830388605605364
CD8 NK like-T,BATF,-1.39653152026318
CD8 NK like-T,VCAM1,-2.95872812148535
CD8 NK like-T,HSPH1,-1.17481315169266
CD8 NK like-T,PLSCR1,0.700303626827144
CD8 NK like-T,GZMK,-1.19175286327304
CD8 NK like-T,JUN,-0.895875215397213
CD8 NK like-T,CCL4,-2.35576499105889
CD8 NK like-T,GZMH,-1.64899613045741
CD8 NK like-T,HSP90AA1,-0.893612375038096
CD8 NK like-T,BACH2,0.87003546533022
CD8 NK like-T,ID3,0.82696670171847
CD8 NK like-T,CD27,-1.240426308732
CD8 NK like-T,PTMS,-1.51035665281251
CD8 NK like-T,LSP1,-0.828269227681155
CD8 NK like-T,CMSS1,0.953386757041569
CD8 NK like-T,ICOS,-1.96818239020379
CD8 NK like-T,SATB1,0.83098952475022
CD8 NK like-T,BCL2A1,0.828014441651823
CD8 NK like-T,LGALS1,-1.23858529335946
CD8 NK like-T,HSPA1A,-1.52525296771826
CD8 NK like-T,SETD2,0.699121674343078
CD8 NK like-T,PITPNC1,0.714862056131606
CD8 NK like-T,PMAIP1,-1.10103902528322
CD8 NK like-T,DNAJB1,-1.66835247690249
CD8 NK like-T,HLA-DMA,-1.72552483759029
CD8 NK like-T,HLA-DQB1,-1.36974537225938
CD8 NK like-T,PPP1R2,-0.790098231375659
CD8 NK like-T,H2AFJ,0.782399925798889
CD8 NK like-T,FYB1,-1.01740498869384
CD8 NK like-T,SYNGR2,-0.920951755276411
CD8 NK like-T,CYTOR,-0.975268369057912
CD8 NK like-T,GZMB,-0.924113165662435
CD8 NK like-T,PPP1R15A,-0.722463107652427
CD8 NK like-T,HSPB1,-1.16250777401521
CD8 NK like-T,HNRNPLL,-0.872730669081363
CD8 NK like-T,HERPUD1,-0.840554497563788
CD8 NK like-T,MT1X,-1.01620619743902
CD8 NK like-T,SH3KBP1,-0.930194873316626
CD8 NK like-T,HSPA1B,-2.28739296595683
CD8 NK like-T,CACYBP,-0.803284578023563
CD8 NK like-T,CD82,-0.748567321004587
CD8 NK like-T,LBH,-0.767571972157436
CD8 NK like-T,ALOX5AP,-1.17381309923051
CD8 NK like-T,NR4A2,-0.893358494012664
CD8 NK like-T,JUNB,-0.958845796424434
CD8 NK like-T,FKBP4,-0.991974384417088
CD8 NK like-T,DNAJA1,-0.78360271166691
CD8 NK like-T,JMJD6,-0.732756442791507
CD8 NK like-T,CD3G,-0.806209518079707
CD8 NK like-T,RGS2,-0.933258330332063
CD8 NK like-T,HMGB2,-0.803328786135712
CD8 NK like-T,RGS1,-0.872967222501326
CD8 NK like-T,WNK1,-0.803378572625741
CD8 NK like-T,CTSC,-0.788821016610133
CD8 NK like-T,NFKBIA,-0.778312070959342
CD8 NK like-T,TCP1,-0.765765021554138
CD8 NK like-T,RAB27A,-0.706396408550625
CD8 NK like-T,PLK3,-0.773400326131854
CD8 NK like-T,DUSP1,-0.859848380171624
CD8 NK like-T,CARD16,-0.772269851206192
CD8 NK like-T,PRF1,-0.705467224471691
CD8 NK like-T,FOSB,-0.747099420954719
CD8 NK like-T,RHOB,-0.718013993011831
CD8 NK like-T,ZC3H12A,-0.754217781956887
CD8 T Terminally Exhausted,TRAV22,4.16495750294911
CD8 T Terminally Exhausted,TRAV20,4.14134403626614
CD8 T Terminally Exhausted,TRBV4-1,3.73431503161599
CD8 T Terminally Exhausted,HLA-DRB1,1.24103851848812
CD8 T Terminally Exhausted,CXCL13,1.4359608070844
CD8 T Terminally Exhausted,CD74,1.00327033996657
CD8 T Terminally Exhausted,HLA-DPA1,1.13319519587492
CD8 T Terminally Exhausted,HLA-DRA,1.21612385009702
CD8 T Terminally Exhausted,HLA-DQA1,1.17118488019411
CD8 T Terminally Exhausted,HLA-DPB1,1.07440341899804
CD8 T Terminally Exhausted,VCAM1,1.15767247679541
CD8 T Terminally Exhausted,CD27,1.00017044545426
CD8 T Terminally Exhausted,PON2,1.69637588055376
CD8 T Terminally Exhausted,NKG7,0.738508847216786
CD8 T Terminally Exhausted,LMNA,-1.32475302948572
CD8 T Terminally Exhausted,DUSP4,0.697069100009435
CD8 T Terminally Exhausted,LDHA,-0.935475598296398
CD8 T Terminally Exhausted,TRBC2,0.818790459227203
CD8 T Terminally Exhausted,VIM,-1.07234566578365
CD8 T Terminally Exhausted,RPL37A,-0.767815249834457
CD8 T Terminally Exhausted,S100A10,-1.24613459536603
CD8 T Terminally Exhausted,RPS21,-0.764479444675902
CD8 T Terminally Exhausted,ENC1,1.29346701682984
CD8 T Terminally Exhausted,CD8B,0.750691591701259
CD8 T Terminally Exhausted,RPS27,-0.718495396604279
CD8 T Terminally Exhausted,RPS29,-1.14341591763086
CD8 T Terminally Exhausted,TGFB1,-1.17909727637777
CD8 T Terminally Exhausted,CRTAM,1.04214629028917
CD8 T Terminally Exhausted,FTH1,-0.965293008222474
CD8 T Terminally Exhausted,TAGLN2,-0.706119452227671
CD8 T Terminally Exhausted,RAB11FIP1,1.0723873897492
CD8 T Terminally Exhausted,ANXA1,-1.72200363591464
CD8 T Terminally Exhausted,HLA-DMA,1.02005643125442
CD8 T Terminally Exhausted,ANXA2,-1.63399515075238
CD8 T Terminally Exhausted,NR4A2,0.747106693190538
CD8 T Terminally Exhausted,TRBC1,-2.4116269671524
CD8 T Terminally Exhausted,HSPB1,0.718641657261215
CD8 T Terminally Exhausted,MS4A6A,1.28316834398189
CD8 T Terminally Exhausted,TNFRSF9,0.744575164946971
CD8 T Terminally Exhausted,FYB1,0.822933257172985
CD8 T Terminally Exhausted,SYNGR2,0.836384959330235
CD8 T Terminally Exhausted,TOB1,0.952700596672767
CD8 T Terminally Exhausted,CHN1,1.0683309809148
CD8 T Terminally Exhausted,GABARAPL1,-1.24813722969824
CD8 T Terminally Exhausted,MBP,-2.36953959432695
CD8 T Terminally Exhausted,RPL38,-0.794547278439657
CD8 T Terminally Exhausted,GZMK,0.706511406450042
CD8 T Terminally Exhausted,BHLHE40,0.961222846039339
CD8 T Terminally Exhausted,XCL1,0.82160359857117
CD8 T Terminally Exhausted,RPS26,-0.926279004214157
CD8 T Terminally Exhausted,MX1,-2.01856792538418
CD8 T Terminally Exhausted,GPR183,-1.96127654155023
CD8 T Terminally Exhausted,MIR155HG,0.926739610331961
CD8 T Terminally Exhausted,TOX,1.01779742265311
CD8 T Terminally Exhausted,SIT1,1.21607156638267
CD8 T Terminally Exhausted,IL7R,-1.5192800545155
CD8 T Terminally Exhausted,GATA3,0.772138539183107
CD8 T Terminally Exhausted,CD6,-1.07081236295494
CD8 T Terminally Exhausted,ISG20,-1.02160069971703
CD8 T Terminally Exhausted,OASL,-1.11657946412151
CD8 T Terminally Exhausted,KLRD1,-2.55589817434488
CD8 T Terminally Exhausted,HIST1H4C,-1.14797291802154
CD8 T Terminally Exhausted,GZMM,-1.50122523015168
CD8 T Terminally Exhausted,TMX4,0.859976851785626
CD8 T Terminally Exhausted,CD55,-1.43576755821999
CD8 T Terminally Exhausted,HERPUD1,0.699720678243223
CD8 T Terminally Exhausted,ANXA6,0.752260947953955
CD8 T Terminally Exhausted,RPL36A,-0.957787841393242
CD8 T Terminally Exhausted,GSTP1,0.713276177576681
CD8 T Terminally Exhausted,CD70,1.06069977344717
CD8 T Terminally Exhausted,CRIP1,-1.01749800627173
CD8 T Terminally Exhausted,PMAIP1,0.748109132032519
CD8 T Terminally Exhausted,ISG15,-1.30479226820909
CD8 T Terminally Exhausted,CSNK1G3,1.03010814381285
CD8 T Terminally Exhausted,MT-ND6,-0.967972807470351
CD8 T Terminally Exhausted,ABLIM1,-1.61846944023976
CD8 T Terminally Exhausted,RGS2,0.695352485477412
CD8 T Terminally Exhausted,CYSTM1,-0.923685256212837
CD8 T Terminally Exhausted,MT1E,0.79384416485675
CD8 T Terminally Exhausted,RGS1,0.706571878404896
CD8 T Terminally Exhausted,FOXP1,-1.36310051205598
CD8 T Terminally Exhausted,PBXIP1,-0.754863911369388
CD8 T Terminally Exhausted,AHNAK,-0.85779377722549
CD8 T Terminally Exhausted,MCUB,-1.20692042166093
CD8 T Terminally Exhausted,SRRT,-0.949046732390078
CD8 T Terminally Exhausted,PNPLA2,-0.823570000952691
CD8 T Terminally Exhausted,DDX3Y,0.744305117112683
CD8 T Terminally Exhausted,TCF7,-1.43377847062964
CD8 T Terminally Exhausted,HLA-DQB1,0.725234234833017
CD8 T Terminally Exhausted,PIM1,-1.14931162513553
CD8 T Terminally Exhausted,EEF1G,-0.885221051388729
CD8 T Terminally Exhausted,SQLE,0.891016359150748
CD8 T Terminally Exhausted,HMGA1,-1.2819236970823
CD8 T Terminally Exhausted,ARL4A,0.822630700175647
CD8 T Terminally Exhausted,TSTD1,0.799773902829292
CD8 T Terminally Exhausted,MTSS1,0.895742038044866
CD8 T Terminally Exhausted,IRF7,-0.97251229396746
CD8 T Terminally Exhausted,ATP1B3,-0.704205291552031
CD8 T Terminally Exhausted,UPP1,-1.12747331182013
CD8 T Terminally Exhausted,ENTPD1,0.769254617097133
CD8 T Terminally Exhausted,DCXR,-0.704662441719986
CD8 T Terminally Exhausted,MT1F,0.891006510678311
CD8 T Terminally Exhausted,SELPLG,-0.707431311815633
CD8 T Terminally Exhausted,NAB1,0.80534675717473
CD8 T Terminally Exhausted,ARL4C,-0.796533611741773
CD8 T Terminally Exhausted,PHPT1,0.789414104613399
CD8 T Terminally Exhausted,LGALS3,-1.11139913560008
CD8 T Terminally Exhausted,IFITM3,-0.903914302328457
CD8 T Terminally Exhausted,SLA2,-0.695698246610225
CD8 T Terminally Exhausted,C4orf48,-0.850648972240949
CD8 T Terminally Exhausted,SPN,0.69415179215558
CD8 T Terminally Exhausted,AP1M1,-0.722490323954936
CD8 T Terminally Exhausted,BAX,0.74343739466394
CD8 T Terminally Exhausted,KDM5B,0.761577279669661
CD8 T Terminally Exhausted,N4BP2L2,-0.716746510751383
CD8 T Terminally Exhausted,ZNFX1,-0.761609366970704
CD8 T Terminally Exhausted,GIMAP7,-0.720250540418782
CD8 T Terminally Exhausted,CDK6,0.721327517610054
CD8 T Terminally Exhausted,NT5C3A,-0.705857279723106
CD8 T Terminally Exhausted,GYG1,-0.755577701838198
CD8 T Terminally Exhausted,ATRAID,0.725232549787441
CD8 T Terminally Exhausted,DDIT4,-0.778731007249763
CD8 T Terminally Exhausted,VOPP1,0.700893381213303
CD8 T Terminally Exhausted,AHR,0.717202715624405
CD8 Treg like-T,CCR8,4.01052624130025
CD8 Treg like-T,CD4,3.5629337830953
CD8 Treg like-T,FOXP3,3.48982036941411
CD8 Treg like-T,TNFRSF4,3.115780353725
CD8 Treg like-T,TNFRSF18,2.20715027040394
CD8 Treg like-T,IL2RA,2.91555806038341
CD8 Treg like-T,TMEM173,2.19668429635418
CD8 Treg like-T,LTB,1.96075998357064
CD8 Treg like-T,GK,1.60547411333788
CD8 Treg like-T,ATP1B1,1.84041317846477
CD8 Treg like-T,MAGEH1,2.06685766976539
CD8 Treg like-T,TBC1D4,1.66368870477366
CD8 Treg like-T,BATF,1.20669478272068
CD8 Treg like-T,LINC01943,1.56320766069271
CD8 Treg like-T,IL32,1.12738923028652
CD8 Treg like-T,S100A4,1.1184134783011
CD8 Treg like-T,CTLA4,1.12441212945657
CD8 Treg like-T,DNPH1,1.21614248574423
CD8 Treg like-T,MAL,1.83498333027429
CD8 Treg like-T,PGM2L1,1.59302899722887
CD8 Treg like-T,ANKRD10,1.39075368970262
CD8 Treg like-T,CORO1B,1.33267161496351
CD8 Treg like-T,GADD45A,1.47549160727949
CD8 Treg like-T,CARD16,1.10488165948583
CD8 Treg like-T,MAST4,1.53993958779364
CD8 Treg like-T,STAM,1.30800291698799
CD8 Treg like-T,CD8A,-0.7932408888433
CD8 Treg like-T,RAB11FIP1,0.922149427501136
CD8 Treg like-T,HTATIP2,1.49777708918929
CD8 Treg like-T,ZFAND5,0.89452017231427
CD8 Treg like-T,CTSC,0.989843652007262
CD8 Treg like-T,MIR4435-2HG,1.18461397665749
CD8 Treg like-T,LAYN,1.05077362779759
CD8 Treg like-T,CCL5,-0.824889828929582
CD8 Treg like-T,SKAP1,1.02797342448646
CD8 Treg like-T,ICOS,0.879463250945051
CD8 Treg like-T,CD83,1.13936557058477
CD8 Treg like-T,PIM2,0.843771588681678
CD8 Treg like-T,CHST7,1.16323922658255
CD8 Treg like-T,ARID5B,0.776655957372197
CD8 Treg like-T,VIM,-0.801957116229616
CD8 Treg like-T,RORA,1.06486660225087
CD8 Treg like-T,ACP5,0.834717555666115
CD8 Treg like-T,PELI1,0.995889904239278
CD8 Treg like-T,GBP2,0.733836791257631
CD8 Treg like-T,ANXA1,-1.45955966238568
CD8 Treg like-T,JMY,1.03327912234115
CD8 Treg like-T,INPP5F,0.972737462785926
CD8 Treg like-T,FCMR,0.931755150347959
CD8 Treg like-T,CSNK1G3,0.829523666664088
CD8 Treg like-T,SEC11C,0.743230216290685
CD8 Treg like-T,GRSF1,0.869296212635765
CD8 Treg like-T,TPP1,1.04944424972918
CD8 Treg like-T,ZNF292,0.865662166888567
CD8 Treg like-T,FAS,0.76578771924629
CD8 Treg like-T,OASL,-1.08743158723991
CD8 Treg like-T,SIRPG,0.791985007212102
CD8 Treg like-T,ATOX1,1.00921090841913
CD8 Treg like-T,SELL,0.810559760306854
CD8 Treg like-T,NMB,0.716196809696608
CD8 Treg like-T,BACH1,0.784365369466002
CD8 Treg like-T,ZC3H12D,0.966301163888472
CD8 Treg like-T,TGFB1,-0.721312529814813
CD8 Treg like-T,CDKN1A,0.729011251445812
CD8 Treg like-T,APOBEC3G,-0.706492089342383
CD8 Treg like-T,CD8B,-0.812280607909805
CD8 Treg like-T,KLRD1,-1.92384091598833
CD8 Treg like-T,PRDM2,0.776894974409842
CD8 Treg like-T,RAB9A,0.780921101002626
CD8 Treg like-T,ZC3H7A,0.765626830612563
CD8 Treg like-T,NDFIP2,0.697532163818851
CD8 Treg like-T,GLRX,0.810794730923376
CD8 Treg like-T,TCF7,-1.77053509767961
CD8 Treg like-T,WDR74,0.710755550824781
CD8 Treg like-T,CFAP20,0.731719524554467
CD8 Treg like-T,ANXA2,-0.926665648704844
CD8 Treg like-T,SRRT,-1.04236069249289
CD8 Treg like-T,CRIP1,-0.808747940058391
CD8 Treg like-T,TRAT1,-0.84449106048577
CD8 Treg like-T,GGA2,-1.00380585010326
CD8 Treg like-T,ABLIM1,-1.24195816768533
CD8 Treg like-T,CD55,-0.864345533763915
CD8 Treg like-T,MBP,-0.954581637956368
CD8 Treg like-T,CYSTM1,-0.733104000475223
CD8 Treg like-T,PLIN2,0.727297997044857
CD8 Treg like-T,MCUB,-0.800416977933965
CD8 Treg like-T,SLA2,-0.712330067045473
CD8 Treg like-T,GZMM,-0.824815274514117
CD8 Treg like-T,AKNA,-0.716781917900583
CD8 Treg like-T,GYG1,-1.08567054766324
CD8 Treg like-T,HIST1H4C,-0.782552114117659
CD8 Treg like-T,MX1,-0.824954668929291
CD8 Treg like-T,STMN1,-0.802449203226841
CD8 Treg like-T,UBE2E3,-0.712596264152931
CD8 Treg like-T,PRF1,-0.849655088637925
CD8 Treg like-T,GPR183,-0.750799082884004
CD8  like-T,TRDV2,5.43575056759202
CD8  like-T,FEZ1,2.9644467772815
CD8  like-T,TRGV9,2.74049017134334
CD8  like-T,KLRB1,2.49148716586402
CD8  like-T,KLRC1,1.84924073389643
CD8  like-T,BCL2A1,1.63066061203014
CD8  like-T,RORA,1.54426654147874
CD8  like-T,VIM,0.828989881539679
CD8  like-T,CD8A,-1.38929978078681
CD8  like-T,CD300A,1.60907068937573
CD8  like-T,KLRD1,1.2305925620492
CD8  like-T,IL7R,0.820243345491569
CD8  like-T,CD8B,-2.06638978544702
CD8  like-T,COTL1,-1.22910527247052
CD8  like-T,AQP3,1.49683656403089
CD8  like-T,GNLY,0.984594178548812
CD8  like-T,PBX4,1.01739434828795
CD8  like-T,TNFRSF25,1.30120234673473
CD8  like-T,SATB1,1.1702972908568
CD8  like-T,MT2A,1.10249717261518
CD8  like-T,TNFSF14,1.22874603323514
CD8  like-T,CD27,-2.0936563009453
CD8  like-T,STAT4,0.821877139328124
CD8  like-T,PERP,1.02356775988617
CD8  like-T,ADAM8,0.965324536360149
CD8  like-T,HLA-DPA1,-1.66386326734163
CD8  like-T,FASLG,0.756180429276379
CD8  like-T,HLA-DPB1,-1.43587057266127
CD8  like-T,HSPH1,-1.3283328457199
CD8  like-T,GYG1,0.842130315532497
CD8  like-T,UPP1,0.793003481350369
CD8  like-T,GLIPR1,0.715608047388095
CD8  like-T,GLUL,0.884192959169559
CD8  like-T,CXCL13,-2.60475929180663
CD8  like-T,HLA-DRA,-1.92201369206955
CD8  like-T,HLA-DRB5,-1.29779901985724
CD8  like-T,RASSF5,0.715480935884779
CD8  like-T,FYB1,-1.35567989622092
CD8  like-T,HLA-DQA1,-2.10294414872383
CD8  like-T,VCAM1,-3.01111330059821
CD8  like-T,MATK,0.874038287729956
CD8  like-T,TIGIT,-1.81990392111548
CD8  like-T,AUTS2,0.894761116279169
CD8  like-T,HSPB1,-1.57590269178471
CD8  like-T,IFNG,1.31410779936023
CD8  like-T,ITM2A,-0.864370808561935
CD8  like-T,GEM,-2.57617240062401
CD8  like-T,HSP90AA1,-0.86594417488669
CD8  like-T,HLA-DRB1,-1.68008577210339
CD8  like-T,ECE1,0.817838546678894
CD8  like-T,PPP1R2,-0.932761305674425
CD8  like-T,RGS1,-1.31309368013723
CD8  like-T,LAG3,-1.09909846427981
CD8  like-T,CD74,-0.880815008016435
CD8  like-T,ICOS,-1.77284852360097
CD8  like-T,HMGB2,-1.18192834641705
CD8  like-T,CRTAM,-2.02333557821522
CD8  like-T,DNAJB1,-1.49744447368065
CD8  like-T,HLA-DMA,-1.80275780473524
CD8  like-T,BATF,-1.03751943897026
CD8  like-T,DUSP4,-0.763571252389732
CD8  like-T,NR4A2,-1.1393917721026
CD8  like-T,DNAJA1,-0.832004562425809
CD8  like-T,HSPE1,-0.834511195609442
CD8  like-T,CACYBP,-0.887945327691003
CD8  like-T,HSPA1A,-1.05058571394958
CD8  like-T,HERPUD1,-0.896744318893785
CD8  like-T,FABP5,-0.831346764861996
CD8  like-T,ARID4B,-0.752785781818751
CD8  like-T,HSPD1,-0.884171901355435
CD8  like-T,PSMB9,-0.712880070460128
CD8  like-T,LDLRAD4,-0.944606325197392
CD8  like-T,RHBDD2,-0.761214942121107
CD8  like-T,HSPA1B,-2.00359076538133
CD8  like-T,CALM3,-0.830392301164911
CD8  like-T,GATA3,-0.818299083422449
CD8  like-T,TNFRSF9,-0.80851821611801
CD8  like-T,RHOB,-0.852821923416498
CD8  like-T,CARHSP1,-0.884900800650916
CD8  like-T,EVL,-0.767109747116531
CD8  like-T,TCP1,-0.733338979587696
CD8  like-T,ITK,-0.904030910444494
CD8  like-T,AHSA1,-0.817192296190863
CD8  like-T,CCND2,-0.754277187889882
CD8  like-T,SEPT9,-0.764052340439582
CD8 T Terminally Exhausted 2,TRAV24,4.45364875192328
CD8 T Terminally Exhausted 2,TRBV5-5,3.99417238811135
CD8 T Terminally Exhausted 2,CCDC50,2.01583466447672
CD8 T Terminally Exhausted 2,HLA-DRB1,0.935192393648577
CD8 T Terminally Exhausted 2,VCAM1,1.17050883641183
CD8 T Terminally Exhausted 2,CTSW,1.00490677572681
CD8 T Terminally Exhausted 2,NKG7,0.842056255373095
CD8 T Terminally Exhausted 2,CXCL13,0.955747652650929
CD8 T Terminally Exhausted 2,HLA-DPA1,0.810545006335471
CD8 T Terminally Exhausted 2,DUSP4,0.769700593684804
CD8 T Terminally Exhausted 2,GZMB,0.902703767098411
CD8 T Terminally Exhausted 2,HLA-DRA,0.829458838678807
CD8 T Terminally Exhausted 2,HLA-DPB1,0.70198444130949
CD8 T Terminally Exhausted 2,LMNA,-1.38745959647525
CD8 T Terminally Exhausted 2,LSP1,0.731347617527091
CD8 T Terminally Exhausted 2,CD27,0.845890201886789
CD8 T Terminally Exhausted 2,ISG20,-1.69519407385683
CD8 T Terminally Exhausted 2,HLA-DQA1,0.818088788339511
CD8 T Terminally Exhausted 2,IL7R,-2.87972380323208
CD8 T Terminally Exhausted 2,RPS21,-0.701937750097782
CD8 T Terminally Exhausted 2,S100A10,-1.12866189172736
CD8 T Terminally Exhausted 2,LAG3,0.736703356039328
CD8 T Terminally Exhausted 2,GATA3,0.999421469035971
CD8 T Terminally Exhausted 2,VIM,-0.926681626161862
CD8 T Terminally Exhausted 2,MTSS1,1.14983087134297
CD8 T Terminally Exhausted 2,MIR155HG,1.07095019013433
CD8 T Terminally Exhausted 2,TMX4,1.02579576717959
CD8 T Terminally Exhausted 2,LDHA,-0.716103910675163
CD8 T Terminally Exhausted 2,MBP,-3.08003056305498
CD8 T Terminally Exhausted 2,MS4A6A,1.11968530423978
CD8 T Terminally Exhausted 2,BHLHE40,0.889071525990946
CD8 T Terminally Exhausted 2,FTH1,-0.902085079498308
CD8 T Terminally Exhausted 2,ENTPD1,1.01037099302597
CD8 T Terminally Exhausted 2,RAB11FIP1,0.950122521939262
CD8 T Terminally Exhausted 2,GPR183,-2.82725032144888
CD8 T Terminally Exhausted 2,ANXA2,-1.29855470756062
CD8 T Terminally Exhausted 2,CD44,-0.699247432285242
CD8 T Terminally Exhausted 2,TGFB1,-0.881391960340386
CD8 T Terminally Exhausted 2,HAVCR2,0.841699532925579
CD8 T Terminally Exhausted 2,PHLDA1,0.727374598362803
CD8 T Terminally Exhausted 2,CHD1,0.8356195574137
CD8 T Terminally Exhausted 2,RPS29,-0.883651536200859
CD8 T Terminally Exhausted 2,CCR7,-1.6761092423785
CD8 T Terminally Exhausted 2,GZMH,0.766765866922769
CD8 T Terminally Exhausted 2,RGS2,0.734219605396689
CD8 T Terminally Exhausted 2,RPL38,-0.739589115395322
CD8 T Terminally Exhausted 2,CD70,1.1012014199916
CD8 T Terminally Exhausted 2,FAM3C,1.22043466850863
CD8 T Terminally Exhausted 2,CD55,-1.6251108004907
CD8 T Terminally Exhausted 2,GZMA,0.734946298618364
CD8 T Terminally Exhausted 2,SIRPG,1.04367817530769
CD8 T Terminally Exhausted 2,RPL36A,-1.06416573210329
CD8 T Terminally Exhausted 2,ITGB2,0.738967924658898
CD8 T Terminally Exhausted 2,TCF7,-2.83487691070672
CD8 T Terminally Exhausted 2,MX1,-1.95009152142368
CD8 T Terminally Exhausted 2,SQLE,1.02427907511416
CD8 T Terminally Exhausted 2,DDX3Y,0.849176737759063
CD8 T Terminally Exhausted 2,HIST1H4C,-0.97161615327903
CD8 T Terminally Exhausted 2,GABARAPL1,-0.935670583136084
CD8 T Terminally Exhausted 2,GZMM,-1.43286689802804
CD8 T Terminally Exhausted 2,GALNT2,0.819730066077349
CD8 T Terminally Exhausted 2,DOK2,0.792941342230353
CD8 T Terminally Exhausted 2,MCUB,-1.56996970567998
CD8 T Terminally Exhausted 2,HLA-DMA,0.703676412871727
CD8 T Terminally Exhausted 2,CYSTM1,-0.983482275577326
CD8 T Terminally Exhausted 2,MT1E,0.869260360250947
CD8 T Terminally Exhausted 2,TOX,0.888913040075624
CD8 T Terminally Exhausted 2,IRF7,-1.24106581855508
CD8 T Terminally Exhausted 2,RPS26,-0.843664716327442
CD8 T Terminally Exhausted 2,PIM1,-1.37052741896265
CD8 T Terminally Exhausted 2,NAB1,0.823516717271052
CD8 T Terminally Exhausted 2,TSTD1,0.882688484752551
CD8 T Terminally Exhausted 2,ICOS,0.749390982298536
CD8 T Terminally Exhausted 2,PBXIP1,-0.800521087028174
CD8 T Terminally Exhausted 2,TOB1,0.703826039432888
CD8 T Terminally Exhausted 2,MT-ND6,-0.824951378589282
CD8 T Terminally Exhausted 2,IDH2,0.714027611282382
CD8 T Terminally Exhausted 2,CTLA4,0.764017242316938
CD8 T Terminally Exhausted 2,ARL4A,0.771273809106143
CD8 T Terminally Exhausted 2,AHNAK,-0.820969434325501
CD8 T Terminally Exhausted 2,NEDD9,0.766702149509643
CD8 T Terminally Exhausted 2,PAG1,0.822694504912747
CD8 T Terminally Exhausted 2,UPP1,-1.07476276888595
CD8 T Terminally Exhausted 2,FAM129A,-0.81369832213903
CD8 T Terminally Exhausted 2,TMEM43,-0.921995146383341
CD8 T Terminally Exhausted 2,EEF1G,-0.773201226762862
CD8 T Terminally Exhausted 2,SRRT,-0.80670477249236
CD8 T Terminally Exhausted 2,DNPH1,0.825555154409507
CD8 T Terminally Exhausted 2,VAMP5,0.8504424481053
CD8 T Terminally Exhausted 2,GNPTAB,0.841521193321777
CD8 T Terminally Exhausted 2,HOPX,0.761249166475407
CD8 T Terminally Exhausted 2,ISG15,-1.14716757066561
CD8 T Terminally Exhausted 2,ABLIM1,-1.16038046787267
CD8 T Terminally Exhausted 2,AHR,0.694165386958061
CD8 T Terminally Exhausted 2,CRIP1,-0.835596881565906
CD8 T Terminally Exhausted 2,PNPLA2,-0.71579569512059
CD8 T Terminally Exhausted 2,ITGB7,0.73584821217727
CD8 T Terminally Exhausted 2,PRNP,-0.7284488010874
CD8 T Terminally Exhausted 2,PHPT1,0.733496221515457
CD8 T Terminally Exhausted 2,C4orf48,-0.926385029645125
CD8 T Terminally Exhausted 2,GADD45B,-1.1717001644902
CD8 T Terminally Exhausted 2,PLPP1,0.825927299447413
CD8 T Terminally Exhausted 2,KLRD1,-0.999819192494936
CD8 T Terminally Exhausted 2,DDIT4,-0.876012104804703
CD8 T Terminally Exhausted 2,CDKN1A,-0.876001481382908
CD8 T Terminally Exhausted 2,IFI27L2,0.742461419267729
CD8 T Terminally Exhausted 2,PBX4,-0.74253500448982
CD8 T Terminally Exhausted 2,ANXA1,-0.886149843684169
CD8 T Terminally Exhausted 2,HMGA1,-0.760271156227517
CD8 T Terminally Exhausted 2,LDLRAD4,0.711619463910159
CD8 T Terminally Exhausted 2,GIMAP7,-0.817185918264978
CD8 T Terminally Exhausted 2,LGALS3,-0.7735902616019
CD8 T Terminally Exhausted 2,EIF4A1,-0.733049091157033
CD8 T Naive,LEF1,3.10183114193006
CD8 T Naive,SELL,2.46638751641329
CD8 T Naive,MYC,2.36322471036819
CD8 T Naive,RPL32,0.9007991180343
CD8 T Naive,RPS3A,0.870255568019916
CD8 T Naive,RPS13,0.919175048041647
CD8 T Naive,CCL5,-4.13692114885061
CD8 T Naive,LTB,1.85081830423238
CD8 T Naive,RPL13,0.75000027416954
CD8 T Naive,RPS8,0.900356833209774
CD8 T Naive,EEF1A1,0.701618402758273
CD8 T Naive,RPS5,0.864851290850281
CD8 T Naive,RPL18A,0.763963599584145
CD8 T Naive,RPS12,0.814506571364078
CD8 T Naive,RPL11,0.751663456241113
CD8 T Naive,CCR7,1.5291043107466
CD8 T Naive,RPS23,0.755168805947719
CD8 T Naive,CST7,-3.86090371496348
CD8 T Naive,GIMAP7,1.68578219019435
CD8 T Naive,GAPDH,-1.63769153018281
CD8 T Naive,NKG7,-4.60935008925911
CD8 T Naive,RPS6,0.780293969277277
CD8 T Naive,RPS14,0.694101049249509
CD8 T Naive,EEF1B2,0.984142029892115
CD8 T Naive,RPL29,0.722209048062006
CD8 T Naive,RPL22,0.928251900414166
CD8 T Naive,RPL5,0.853939068861776
CD8 T Naive,RPL34,0.754412346783539
CD8 T Naive,RPL9,0.766090101985377
CD8 T Naive,HLA-B,-0.764486547093
CD8 T Naive,RPS18,0.883292108447971
CD8 T Naive,RPL3,0.712023586635723
CD8 T Naive,CD74,-2.2210839205391
CD8 T Naive,DUSP2,-2.62072754412208
CD8 T Naive,RPL10A,0.764445765995966
CD8 T Naive,SRGN,-1.02918489751357
CD8 T Naive,RPS4X,0.723491056963422
CD8 T Naive,DUSP4,-3.40320465838457
CD8 T Naive,CD8A,-1.45860103399572
CD8 T Naive,COTL1,-2.16977619353416
CD8 T Naive,H3F3B,-0.857135514121116
CD8 T Naive,RPL4,0.77298824375028
CD8 T Naive,CREM,-1.96738895035764
CD8 T Naive,APOBEC3G,-2.82936857763409
CD8 T Naive,PASK,1.8864812470357
CD8 T Naive,GIMAP4,1.56090358618142
CD8 T Naive,TUBA4A,-2.22683033740637
CD8 T Naive,HLA-DPA1,-3.09427171402634
CD8 T Naive,GZMK,-3.87511790930104
CD8 T Naive,CD55,1.10117741048267
CD8 T Naive,HLA-DPB1,-2.6649753740122
CD8 T Naive,CTSW,-2.15395697917513
CD8 T Naive,NOP53,0.797955570445381
CD8 T Naive,HSP90AA1,-1.69789387911289
CD8 T Naive,ACTG1,-1.20363497311325
CD8 T Naive,CLIC1,-1.40983342450629
CD8 T Naive,EMP3,0.91999974384555
CD8 T Naive,LAG3,-3.05226791762025
CD8 T Naive,PCSK1N,1.49596892354898
CD8 T Naive,HLA-DRB5,-3.69142175128713
CD8 T Naive,FOXP1,1.08576957733671
CD8 T Naive,SH2D2A,-1.90348038246426
CD8 T Naive,HLA-DRB1,-3.78284542381262
CD8 T Naive,OAZ1,-0.717819716260912
CD8 T Naive,LDHA,-1.02955738507105
CD8 T Naive,MCL1,-1.06516676993908
CD8 T Naive,SRSF7,-1.29645243534639
CD8 T Naive,GZMA,-5.03498365468117
CD8 T Naive,NDFIP1,0.897278227010209
CD8 T Naive,LINC02446,1.32102653776555
CD8 T Naive,HSPH1,-2.04547523069238
CD8 T Naive,TCF7,1.09050821922568
CD8 T Naive,IL7R,0.893588224277259
CD8 T Naive,S1PR1,1.40936978678705
CD8 T Naive,HLA-DRA,-3.09388091016652
CD8 T Naive,FLT3LG,1.48123262112194
CD8 T Naive,S100A4,-2.19637261401348
CD8 T Naive,TNFRSF9,-4.50173763665617
CD8 T Naive,LSP1,-1.56316187581828
CD8 T Naive,HSPA1A,-3.32098265157385
CD8 T Naive,TNFRSF1B,-2.3163954679842
CD8 T Naive,SLC7A5,-2.73668038715348
CD8 T Naive,CXCR4,-1.06041816398347
CD8 T Naive,ANXA5,-2.16994465621005
CD8 T Naive,CXCR3,-2.20969490104934
CD8 T Naive,YPEL5,-1.08311172070622
CD8 T Naive,TGFB1,-1.26848551335749
CD8 T Naive,TNFAIP3,-1.16378252307752
CD8 T Naive,PIM2,1.10935887046693
CD8 T Naive,RGS10,0.996936974309325
CD8 T Naive,HSPA5,-1.29711204913565
CD8 T Naive,GZMB,-5.63456242257739
CD8 T Naive,SLA2,-3.61031811315696
CD8 T Naive,DYNLL1,-1.02873112500542
CD8 T Naive,NR4A2,-2.1631466911611
CD8 T Naive,PIM1,0.84756493439667
CD8 T Naive,SAMSN1,-1.87688708974326
CD8 T Naive,HMGA1,1.01937389115524
CD8 T Naive,BACH2,1.08441473889783
CD8 T Naive,HLA-DQA1,-3.95153634272394
CD8 T Naive,RGS2,-2.71580845637028
CD8 T Naive,RNF19A,-1.7327693929744
CD8 T Naive,ZNF331,-2.08069912821481
CD8 T Naive,APMAP,-1.68549529300782
CD8 T Naive,PTMS,-4.01963795886002
CD8 T Naive,OASL,-1.61510912388808
CD8 T Naive,PRF1,-2.88435012048821
CD8 T Naive,TPI1,-0.744616433863365
CD8 T Naive,LGALS1,-2.60793618634576
CD8 T Naive,PMAIP1,-2.04162953781996
CD8 T Naive,CYBA,-1.01184011967011
CD8 T Naive,ICAM2,1.28202931159103
CD8 T Naive,SLC3A2,-0.956829301281562
CD8 T Naive,RGS1,-2.00744370161766
CD8 T Naive,HNRNPLL,-2.25987082854711
CD8 T Naive,GZMH,-5.55950128047864
CD8 T Naive,LCP1,-1.55629439932009
CD8 T Naive,EIF3E,0.748025714714817
CD8 T Naive,GGA2,-2.23951863939319
CD8 T Naive,APOBEC3C,-2.87152450192145
CD8 T Naive,HSP90AB1,-0.842680592310869
CD8 T Naive,MAP1LC3B,-0.99755557080548
CD8 T Naive,LYSMD2,0.932628715328362
CD8 T Naive,RAC1,-1.15406006738709
CD8 T Naive,HSPD1,-1.42304348022299
CD8 T Naive,ACTN4,-1.80804715797459
CD8 T Naive,ATP6V0C,-0.695837460139996
CD8 T Naive,CCL4,-3.34268507292109
CD8 T Naive,JUN,-1.02599511243811
CD8 T Naive,TMEM123,0.922333853807151
CD8 T Naive,SQSTM1,-0.772196072007866
CD8 T Naive,IFITM2,-1.30840608946103
CD8 T Naive,HMGB2,-1.97803060008769
CD8 T Naive,JPT1,-1.326845812985
CD8 T Naive,ABLIM1,0.735618935769369
CD8 T Naive,TIGIT,-2.09438136467788
CD8 T Naive,CYTOR,-2.06032109908706
CD8 T Naive,FAM129A,-1.59751430264586
CD8 T Naive,CXCL13,-3.73057027151434
CD8 T Naive,UCP2,0.929611351914059
CD8 T Naive,S100A6,-0.891079776120311
CD8 T Naive,TENT5C,-2.34985949082732
CD8 T Naive,CD82,-1.63902329523676
CD8 T Naive,ARID5B,-1.73762820927136
CD8 T Naive,SELENOK,-0.902792085016269
CD8 T Naive,S100A10,-0.886804253784908
CD8 T Naive,ZEB2,-2.91920743932403
CD8 T Naive,SLA,-1.41937953412244
CD8 T Naive,ITM2A,-1.13633952654197
CD8 T Naive,VCAM1,-4.9279512403137
CD8 T Naive,DNAJB6,-1.08526875057817
CD8 T Naive,FCMR,1.14625652346237
CD8 T Naive,ZFP36,-0.765731808361608
CD8 T Naive,CD63,-1.93973295515367
CD8 T Naive,HERPUD1,-1.41316963139123
CD8 T Naive,EEF1G,0.824335348461283
CD8 T Naive,NEU1,-1.31318095529308
CD8 T Naive,ID2,-1.65105729442101
CD8 T Naive,TESPA1,1.05366120162384
CD8 T Naive,CD48,0.755309001457095
CD8 T Naive,USP3,0.982124713945205
CD8 T Naive,KLF6,-0.778218662283186
CD8 T Naive,HSPE1,-1.28784288208409
CD8 T Naive,HLA-DQB1,-2.28791057652008
CD8 T Naive,IL27RA,0.845859837484004
CD8 T Naive,ANXA2,-1.1871922644723
CD8 T Naive,LITAF,-0.844948674394169
CD8 T Naive,LSM5,0.852286663289551
CD8 T Naive,LGALS3,-2.90611970542708
CD8 T Naive,FYN,-1.12893670144222
CD8 T Naive,CDK2AP2,-1.13441084515751
CD8 T Naive,DOK2,-1.94633886398354
CD8 T Naive,IL32,-0.999707166607409
CD8 T Naive,WHRN,-2.09311910308232
CD8 T Naive,RARA,0.769007719049855
CD8 T Naive,PPP1R16B,-2.22648205105079
CD8 T Naive,KLRD1,-2.30270938044815
CD8 T Naive,PHLDA1,-1.57422618186649
CD8 T Naive,WIPF1,-0.952527728470104
CD8 T Naive,IL10RA,-1.25550348398168
CD8 T Naive,HSPA1B,-3.00871942472771
CD8 T Naive,TXN,-0.924671695840708
CD8 T Naive,FBL,0.734213679341367
CD8 T Naive,HSPB1,-1.71986698342358
CD8 T Naive,CRTAM,-2.59663691251359
CD8 T Naive,PIK3R1,-1.66877533220571
CD8 T Naive,RARRES3,-0.99241287803539
CD8 T Naive,GEM,-3.02052416167372
CD8 T Naive,TMEM243,0.780414485563794
CD8 T Naive,KLF3,0.986277946532339
CD8 T Naive,NR3C1,-0.916019445426963
CD8 T Naive,ATP1B3,-1.05918652256045
CD8 T Naive,PLP2,-0.72655126572285
CD8 T Naive,SLC9A3R1,-1.14013325764126
CD8 T Naive,HLA-DMA,-2.48125680216726
CD8 T Naive,MSL3,0.838649608354573
CD8 T Naive,CHST12,-1.75928409119613
CD8 T Naive,NAA50,-1.57960648511199
CD8 T Naive,GNG2,-0.787791249792886
CD8 T Naive,CYTH1,0.795840893660906
CD8 T Naive,SYTL3,-1.35187826086759
CD8 T Naive,ITGB2,-1.65302433191398
CD8 T Naive,CEMIP2,-1.83331142618743
CD8 T Naive,ALOX5AP,-2.14596565324277
CD8 T Naive,EMD,-0.723955523188923
CD8 T Naive,AKAP13,-0.927575130489163
CD8 T Naive,BRD2,-0.725920510801761
CD8 T Naive,TSPYL2,-1.05824557164233
CD8 T Naive,HCST,-0.955286889931442
CD8 T Naive,FLNA,-0.945433300192508
CD8 T Naive,ITM2C,-1.47157449986698
CD8 T Naive,LYST,-1.20752983287174
CD8 T Naive,STAT5A,-1.22917027402223
CD8 T Naive,REL,-1.19229700983725
CD8 T Naive,DNAJC1,-1.25359372658073
CD8 T Naive,MT2A,-1.15641198222688
CD8 T Naive,IL21R,-1.1101396555681
CD8 T Naive,TSPO,-1.18118273220346
CD8 T Naive,FNBP1,-0.88154310596625
CD8 T Naive,SAMHD1,0.863904555490903
CD8 T Naive,CD58,-1.56562679746653
CD8 T Naive,H2AFX,-1.46133623449083
CD8 T Naive,SURF4,-0.878595813340017
CD8 T Naive,SSH2,0.85704062390627
CD8 T Naive,CFLAR,-0.890521659317854
CD8 T Naive,CTSC,-1.91776299863716
CD8 T Naive,STAT1,0.730865087770121
CD8 T Naive,ATP2B4,-1.19855010933997
CD8 T Naive,BHLHE40,-2.08807641680327
CD8 T Naive,BATF,-0.996422036746986
CD8 T Naive,YWHAH,-1.46396290706479
CD8 T Naive,CD8B,-0.726393236476553
CD8 T Naive,PIK3IP1,0.735576592844139
CD8 T Naive,SRSF3,-0.815614936589117
CD8 T Naive,TERF2IP,-0.833495179165894
CD8 T Naive,SEPT7,-0.716833712937798
CD8 T Naive,JUND,-0.88774213703327
CD8 T Naive,GATA3,-1.28479690838653
CD8 T Naive,RHOB,-1.52176817835461
CD8 T Naive,PTPN22,-1.52471760719459
CD8 T Naive,SRRT,-1.07921182691939
CD8 T Naive,GABARAPL1,-0.844926287506737
CD8 T Naive,RUNX3,-0.971094494341808
CD8 T Naive,SLC16A3,-1.56367019261683
CD8 T Naive,NOP58,-0.758244305430023
CD8 T Naive,PSMB9,-0.835951100526215
CD8 T Naive,GYG1,-1.66835082394628
CD8 T Naive,FABP5,-1.06502604235277
CD8 T Naive,NAMPT,-1.22862879130496
CD8 T Naive,DENND4A,0.816491780543738
CD8 T Naive,CACYBP,-1.03243582832821
CD8 T Naive,ID3,-1.89588915196906
CD8 T Naive,HNRNPUL1,-0.753546521993694
CD8 T Naive,KPNA2,-1.20974791376891
CD8 T Naive,JMJD6,-1.17891346575083
CD8 T Naive,DUSP1,-1.19917182255045
CD8 T Naive,DNAJB1,-1.51916064416718
CD8 T Naive,GSTP1,-0.777358568897767
CD8 T Naive,CARD16,-1.5321689468889
CD8 T Naive,OPTN,-0.839407304159897
CD8 T Naive,CCND2,-1.2525015743484
CD8 T Naive,TMX4,-1.24240250017494
CD8 T Naive,PTP4A1,-1.0827870523745
CD8 T Naive,PDIA6,-1.19924240525937
CD8 T Naive,SLBP,-1.03763645488424
CD8 T Naive,SH3KBP1,-1.21255226287842
CD8 T Naive,CD27,-1.15868290006883
CD8 T Naive,CLEC2B,-0.72822466021429
CD8 T Naive,EIF4A3,-0.906532671290738
CD8 T Naive,RAB27A,-1.04019625251805
CD8 T Naive,EID1,-0.883448959406206
CD8 T Naive,MAP2K3,-1.08256106546084
CD8 T Naive,ANXA6,-1.06421311186568
CD8 T Naive,CAPN2,-1.26465964900074
CD8 T Naive,PPP1R18,0.821166383968839
CD8 T Naive,ITGAE,-1.33159790190415
CD8 T Naive,DNAJA1,-0.911399145397168
CD8 T Naive,ADSS,-1.018177948867
CD8 T Naive,RAB5IF,-0.852059120612869
CD8 T Naive,VPS37B,-1.18576862241871
CD8 T Naive,ZYX,-0.983005748813948
CD8 T Naive,GLUD1,-0.701536985635323
CD8 T Naive,CARHSP1,-1.3016671689832
CD8 T Naive,IL2RB,-1.20226506907353
CD8 T Naive,UBE2A,-0.698990235397168
CD8 T Naive,NEAT1,-0.914139205183646
CD8 T Naive,IKZF1,0.81862150864891
CD8 T Naive,AKNA,-1.0288799563804
CD8 T Naive,UBE2E3,-1.30127594877572
CD8 T Naive,TYMP,-1.38991521881938
CD8 T Naive,LDLRAD4,-1.30812469334182
CD8 T Naive,CCND3,0.762517421335014
CD8 T Naive,EML4,-0.890032483503677
CD8 T Naive,REEP5,-0.814461802505141
CD8 T Naive,ICOS,-1.35275794251379
CD8 T Naive,CITED2,-1.22902119305242
CD8 T Naive,CD96,-0.894115562941304
CD8 T Naive,AKIRIN2,-0.960750454192397
CD8 T Naive,MTHFD2,-1.12238009985734
CD8 T Naive,RBPJ,-0.775383634367708
CD8 T Naive,HERPUD2,-0.860416136573511
CD8 T Naive,AHSA1,-1.07630759570534
CD8 T Naive,ITGA4,-0.901328093819503
CD8 T Naive,RIC8A,-0.755245978234977
CD8 T Naive,PDE4B,-0.88643897283472
CD8 T Naive,SH3GLB1,-0.792836542054964
CD8 T Naive,ITGB1,-0.958535763233299
CD8 T Naive,HMGN2,-0.76626419963971
CD8 T Naive,TANK,-1.08694565846989
CD8 T Naive,TPM4,-1.04098093376477
CD8 T Naive,IQGAP1,-0.705166867891577
CD8 T Naive,NFATC2,-0.884246090165312
CD8 T Naive,WAS,-0.982574226788909
CD8 T Naive,CDKN1A,-1.07367923574703
CD8 T Naive,FOSB,-1.28812064869103
CD8 T Naive,SERTAD1,-0.922800118690552
CD8 T Naive,STX11,-1.15470634986769
CD8 T Naive,ZC3H12A,-1.25979595180348
CD8 T Naive,DDIT4,-0.911403518163491
CD8 T Naive,BST2,-0.905631840748001
CD8 T Naive,IDI1,-1.0450875904393
CD8 T Naive,APLP2,-1.03788682439782
CD8 T Naive,CSRNP1,-0.726792439096365
CD8 T Naive,GSPT1,-0.819140982749466
CD8 T Naive,AP3S1,-0.982555274838702
CD8 T Naive,BIRC3,-0.753347931473312
CD8 T Naive,RTF1,-0.975509026111947
CD8 T Naive,DHRS7,-0.897773232043389
CD8 T Naive,RANBP2,-0.893724367154229
CD8 T Naive,CNN2,-0.799449760373132
CD8 T Naive,MGAT1,-0.922265979142638
CD8 T Naive,ARPP19,-0.833463771877563
CD8 T Naive,SLC2A3,-0.746431214136778
CD8 T Naive,"AC016831,7",-0.701136599652187
CD8 T Naive,CLK1,-0.864406340081839
CD8 T Naive,ZFAND5,-0.95830033509906
CD8 T Naive,CNPPD1,-0.708057522326706
CD8 T Naive,CHD1,-0.754397348871301
CD8 T Naive,TUBA1C,-0.717073218254349
CD8 T Naive,CLDND1,-1.02159050924977
CD8 T Naive,BTG3,-0.880436768938343
CD8 T Naive,PTGER4,-0.79299588223098
CD8 T Naive,CHORDC1,-1.09219403165414
CD8 T Naive,RALGAPA1,-0.87610302428021
CD8 T Naive,ZFAND2A,-1.23999928320991
CD8 T Naive,PAF1,-0.70305861970234
CD8 T Naive,PSMD13,-0.694525858886053
CD8 T Naive,ARPC5L,-0.74669323396454
CD8 T Naive,GOLGB1,-0.889027834419338
CD8 T Naive,MFSD10,-0.872084139059248
